id,first_name,last_name,email,gender,ip_address,debt
1,Joni,Stranio,jstranio0@scribd.com,Female,158.227.129.159,"€5,08"
2,Katalin,Milier,kmilier1@cbslocal.com,Female,184.180.214.45,"€5,82"
3,Grissel,Poulsen,gpoulsen2@forbes.com,Female,99.26.19.36,"€6,95"
4,Grove,Carling,gcarling3@hibu.com,Male,69.163.31.237,"€5,42"
5,Em,Seymour,eseymour4@blinklist.com,Male,40.74.231.74,"€9,58"
6,Cinderella,Cottrell,ccottrell5@techcrunch.com,Female,161.86.163.70,"€4,30"
7,Jacques,Faunch,jfaunch6@scientificamerican.com,Male,229.135.179.6,"€0,40"
8,Tessi,Tripp,ttripp7@theatlantic.com,Female,108.236.123.156,"€2,86"
9,Piggy,Ivens,pivens8@cdbaby.com,Male,15.10.7.47,"€5,63"
10,Gino,Rothschild,grothschild9@ocn.ne.jp,Male,184.180.109.113,"€7,13"
11,Regine,Gudgin,rgudgina@liveinternet.ru,Female,135.151.12.63,"€0,85"
12,Nickola,O'Crotty,nocrottyb@ox.ac.uk,Male,98.146.197.91,"€4,31"
13,Barbie,Denyagin,bdenyaginc@ox.ac.uk,Female,141.111.236.38,"€4,49"
14,Dinny,Keysel,dkeyseld@360.cn,Female,75.206.71.109,"€6,61"
15,Adolpho,Ivins,aivinse@barnesandnoble.com,Male,181.140.45.67,"€9,43"
16,Paul,Behagg,pbehaggf@cam.ac.uk,Male,70.120.32.20,"€1,25"
17,Luisa,Bouts,lboutsg@netscape.com,Female,51.43.29.204,"€5,96"
18,Delia,Neachell,dneachellh@t-online.de,Female,152.232.134.116,"€6,09"
19,Virgilio,Powelee,vpoweleei@google.es,Male,24.63.99.213,"€0,72"
20,Kally,Crowder,kcrowderj@wikipedia.org,Female,224.11.236.148,"€5,77"
21,Dorry,MacCarroll,dmaccarrollk@ameblo.jp,Female,164.112.148.109,"€1,93"
22,Monika,Culter,mculterl@sciencedaily.com,Female,51.39.39.160,"€4,66"
23,Wilton,Gasquoine,wgasquoinem@spiegel.de,Male,238.134.26.252,"€7,27"
24,Kissie,Bliben,kblibenn@disqus.com,Female,10.30.99.97,"€6,28"
25,Mag,Darnbrook,mdarnbrooko@sogou.com,Female,228.196.206.62,"€8,14"
26,Jon,Dowsing,jdowsingp@privacy.gov.au,Male,32.212.143.89,"€6,31"
27,Mariya,Deverick,mdeverickq@themeforest.net,Female,5.14.129.109,"€8,65"
28,Siffre,McGennis,smcgennisr@1und1.de,Male,245.166.194.80,"€3,92"
29,Eziechiele,Moizer,emoizers@omniture.com,Male,157.134.90.129,"€1,42"
30,Arron,Waghorne,awaghornet@drupal.org,Male,205.177.175.225,"€3,27"
31,Dimitri,Brough,dbroughu@toplist.cz,Male,219.44.239.168,"€4,18"
32,Leilah,Rubenchik,lrubenchikv@aboutads.info,Female,242.52.18.14,"€4,26"
33,Vernor,Mouth,vmouthw@ted.com,Male,217.7.42.170,"€0,95"
34,Wang,Thandi,wthandix@nymag.com,Male,75.155.38.140,"€0,78"
35,Wilfrid,Cockitt,wcockitty@tamu.edu,Male,156.109.168.73,"€0,19"
36,Augusto,Petasch,apetaschz@vkontakte.ru,Male,18.5.221.197,"€7,53"
37,Ara,Josefson,ajosefson10@google.com.au,Male,167.104.226.29,"€2,41"
38,Eamon,Todman,etodman11@hao123.com,Male,227.129.212.245,"€4,46"
39,Mathian,Hyam,mhyam12@php.net,Male,225.65.250.152,"€8,41"
40,Earlie,Stalman,estalman13@delicious.com,Male,166.100.204.38,"€0,38"
41,Susanna,Fawkes,sfawkes14@wikipedia.org,Female,137.136.190.83,"€3,97"
42,Alleen,McClaughlin,amcclaughlin15@army.mil,Female,195.93.122.175,"€8,73"
43,Dannie,Capponeer,dcapponeer16@jigsy.com,Female,105.183.41.220,"€1,37"
44,Mollie,Dunsmore,mdunsmore17@exblog.jp,Female,126.176.149.227,"€2,20"
45,Stacy,Klimushev,sklimushev18@unblog.fr,Female,233.248.156.30,"€9,42"
46,Ronnie,Howgate,rhowgate19@hugedomains.com,Male,210.40.235.96,"€5,31"
47,Quint,Bart,qbart1a@facebook.com,Male,251.106.15.10,"€6,27"
48,Gradeigh,McGarel,gmcgarel1b@zimbio.com,Male,152.9.223.166,"€1,21"
49,Horton,Morphew,hmorphew1c@mlb.com,Male,227.2.153.218,"€3,59"
50,Galven,Gumn,ggumn1d@topsy.com,Male,8.193.174.184,"€4,01"
51,Huey,Shinn,hshinn1e@paginegialle.it,Male,105.216.167.225,"€7,62"
52,Waylen,Bambrick,wbambrick1f@twitpic.com,Male,100.188.19.67,"€0,03"
53,Maribeth,Escolme,mescolme1g@smugmug.com,Female,107.86.64.5,"€2,26"
54,Welsh,Sussems,wsussems1h@hc360.com,Male,235.13.28.89,"€0,75"
55,Dolf,Lamasna,dlamasna1i@altervista.org,Male,18.249.42.231,"€3,60"
56,Haskel,Denacamp,hdenacamp1j@flickr.com,Male,51.149.195.42,"€5,06"
57,Curt,Godlip,cgodlip1k@utexas.edu,Male,162.178.20.58,"€5,20"
58,Kory,Chatten,kchatten1l@dagondesign.com,Male,70.229.145.142,"€1,63"
59,Patsy,Pantling,ppantling1m@multiply.com,Female,239.37.180.8,"€0,26"
60,Alice,Uphill,auphill1n@redcross.org,Female,9.27.81.244,"€9,42"
61,Kimberly,Berrow,kberrow1o@delicious.com,Female,167.218.167.231,"€3,32"
62,Philippine,Byart,pbyart1p@harvard.edu,Female,126.147.186.255,"€2,94"
63,Coreen,Treske,ctreske1q@clickbank.net,Female,197.151.199.165,"€2,56"
64,Tuck,Cowgill,tcowgill1r@seattletimes.com,Male,24.64.78.56,"€7,89"
65,Minda,Shoppee,mshoppee1s@zdnet.com,Female,124.173.236.230,"€3,27"
66,Susette,Chasson,schasson1t@biglobe.ne.jp,Female,138.151.97.165,"€4,00"
67,Damien,Sawney,dsawney1u@xrea.com,Male,181.4.240.124,"€8,48"
68,Chelsie,Schettini,cschettini1v@princeton.edu,Female,39.200.250.237,"€5,23"
69,Napoleon,Olivet,nolivet1w@google.pl,Male,71.5.65.228,"€4,30"
70,Ford,Lomansey,flomansey1x@ocn.ne.jp,Male,150.86.104.238,"€2,08"
71,Easter,Frood,efrood1y@jigsy.com,Female,158.242.120.244,"€5,28"
72,Pierette,Beavis,pbeavis1z@cargocollective.com,Female,205.18.7.39,"€4,52"
73,Ragnar,Melody,rmelody20@oaic.gov.au,Male,54.56.174.147,"€3,19"
74,Melvyn,Streeting,mstreeting21@clickbank.net,Male,161.229.19.232,"€9,23"
75,Vikky,Seymark,vseymark22@multiply.com,Female,77.116.30.160,"€1,51"
76,Vinni,McFaul,vmcfaul23@arstechnica.com,Female,177.185.148.99,"€2,48"
77,Etti,Hefferon,ehefferon24@geocities.jp,Female,224.8.81.191,"€1,76"
78,Krystle,Dunckley,kdunckley25@delicious.com,Female,14.72.242.177,"€6,31"
79,Halsey,Abdee,habdee26@discovery.com,Male,208.28.63.175,"€7,98"
80,Ricca,O'Longain,rolongain27@liveinternet.ru,Female,110.8.167.208,"€3,22"
81,Dorotea,Henrion,dhenrion28@aboutads.info,Female,25.225.105.18,"€4,34"
82,Christoph,Tander,ctander29@miibeian.gov.cn,Male,219.175.145.180,"€8,25"
83,Rey,Dudderidge,rdudderidge2a@patch.com,Female,163.158.111.207,"€1,00"
84,Zechariah,Linden,zlinden2b@vkontakte.ru,Male,178.189.94.48,"€1,03"
85,Filip,Bubeer,fbubeer2c@goo.ne.jp,Male,100.159.209.95,"€2,98"
86,Judas,Mouatt,jmouatt2d@live.com,Male,171.131.176.24,"€9,65"
87,Delcina,Mieville,dmieville2e@shop-pro.jp,Female,41.6.139.134,"€2,47"
88,Beret,Graver,bgraver2f@nifty.com,Female,146.251.48.64,"€1,45"
89,Isak,Gaythwaite,igaythwaite2g@blog.com,Male,194.93.106.134,"€0,26"
90,Micaela,O'Sesnane,mosesnane2h@amazon.co.jp,Female,123.218.62.193,"€2,09"
91,Anders,Lisciandro,alisciandro2i@loc.gov,Male,58.195.56.247,"€4,57"
92,Benito,O'Dooghaine,bodooghaine2j@toplist.cz,Male,231.49.170.61,"€3,04"
93,Yolanthe,Fluit,yfluit2k@hhs.gov,Female,98.162.151.44,"€0,69"
94,Lucais,Lakenden,llakenden2l@si.edu,Male,34.208.54.162,"€1,41"
95,Elwin,Jacobowits,ejacobowits2m@nationalgeographic.com,Male,71.139.204.117,"€1,37"
96,Blondell,Romanet,bromanet2n@umich.edu,Female,82.244.221.123,"€2,53"
97,Hoyt,Fever,hfever2o@sourceforge.net,Male,205.190.209.232,"€9,72"
98,Baillie,Vitet,bvitet2p@berkeley.edu,Male,122.22.54.200,"€2,89"
99,Arlinda,Dickson,adickson2q@sfgate.com,Female,226.169.45.60,"€2,80"
100,Enrika,Hawyes,ehawyes2r@xinhuanet.com,Female,4.119.151.222,"€2,71"
101,Elnora,Figura,efigura2s@prnewswire.com,Female,221.192.43.210,"€6,35"
102,Nicol,Greenman,ngreenman2t@furl.net,Female,97.32.56.233,"€5,68"
103,Sean,Crichmer,scrichmer2u@tiny.cc,Male,96.222.210.242,"€4,62"
104,Yvon,Spanswick,yspanswick2v@nps.gov,Male,83.147.217.5,"€2,70"
105,Onofredo,Cratere,ocratere2w@geocities.com,Male,146.148.139.163,"€1,22"
106,Devan,Henkens,dhenkens2x@examiner.com,Female,174.126.215.43,"€5,40"
107,Vasily,Hallaways,vhallaways2y@techcrunch.com,Male,126.35.229.52,"€3,62"
108,Randa,Fideler,rfideler2z@studiopress.com,Female,49.231.83.142,"€2,81"
109,Ashia,Thon,athon30@fema.gov,Female,186.102.38.234,"€0,68"
110,Augusta,Alben,aalben31@mozilla.com,Female,176.198.105.39,"€2,40"
111,Fawnia,Linebarger,flinebarger32@google.co.jp,Female,19.121.58.43,"€3,47"
112,Loella,Serridge,lserridge33@prlog.org,Female,137.121.245.252,"€3,22"
113,Ashlin,Mountcastle,amountcastle34@narod.ru,Male,15.42.139.230,"€1,13"
114,Tamas,Quigg,tquigg35@is.gd,Male,3.184.149.165,"€4,23"
115,Wesley,Bonham,wbonham36@blogtalkradio.com,Male,229.12.114.120,"€3,90"
116,Hamlen,Beresford,hberesford37@indiatimes.com,Male,94.42.234.66,"€4,58"
117,Shanan,Cuncarr,scuncarr38@ucla.edu,Male,79.38.194.214,"€8,94"
118,Mendy,Dorracott,mdorracott39@surveymonkey.com,Male,204.145.3.193,"€5,26"
119,Jamima,Drewitt,jdrewitt3a@hostgator.com,Female,200.226.165.176,"€2,98"
120,Boote,Shimon,bshimon3b@paypal.com,Male,214.130.139.41,"€3,17"
121,Phyllys,Labden,plabden3c@amazonaws.com,Female,177.6.158.144,"€4,58"
122,Florian,Calderhead,fcalderhead3d@tamu.edu,Male,234.138.84.183,"€4,67"
123,Bevin,Saunder,bsaunder3e@altervista.org,Male,69.232.84.209,"€0,94"
124,Adore,Cruce,acruce3f@ebay.com,Female,85.38.73.164,"€9,89"
125,Libby,Leaning,lleaning3g@usda.gov,Female,69.193.164.179,"€4,56"
126,Flori,Tollerfield,ftollerfield3h@ow.ly,Female,15.208.28.109,"€1,56"
127,Elwyn,McCrorie,emccrorie3i@statcounter.com,Male,196.243.123.169,"€6,70"
128,Darsey,La Vigne,dlavigne3j@dailymail.co.uk,Female,194.253.223.38,"€0,70"
129,Keenan,Clubley,kclubley3k@independent.co.uk,Male,160.42.1.9,"€9,09"
130,Shalom,Idwal Evans,sidwalevans3l@photobucket.com,Male,51.51.225.230,"€7,99"
131,Katleen,MacKeeg,kmackeeg3m@ask.com,Female,232.166.185.223,"€3,03"
132,Georgia,Bexon,gbexon3n@hugedomains.com,Female,92.122.186.8,"€6,70"
133,Dorolice,Hellwing,dhellwing3o@webmd.com,Female,95.179.16.121,"€5,97"
134,Karyn,Nyssen,knyssen3p@phpbb.com,Female,107.142.248.116,"€7,23"
135,Shannah,Walkington,swalkington3q@newsvine.com,Female,35.128.213.80,"€6,49"
136,Appolonia,Commin,acommin3r@sun.com,Female,59.122.100.35,"€3,51"
137,Ber,Reynard,breynard3s@networksolutions.com,Male,152.61.139.77,"€6,30"
138,Godard,Wein,gwein3t@rakuten.co.jp,Male,199.182.67.83,"€7,25"
139,Court,Lusher,clusher3u@europa.eu,Male,12.206.218.130,"€3,14"
140,Dominik,Tanby,dtanby3v@utexas.edu,Male,106.76.94.111,"€4,80"
141,Maddalena,Persse,mpersse3w@tiny.cc,Female,251.172.255.231,"€5,15"
142,Noe,Etches,netches3x@europa.eu,Male,113.185.52.187,"€8,88"
143,Wakefield,Gilding,wgilding3y@icq.com,Male,121.60.86.246,"€1,39"
144,Alyosha,Bootland,abootland3z@epa.gov,Male,179.86.237.33,"€0,44"
145,Aguie,Trevino,atrevino40@sciencedaily.com,Male,181.6.166.130,"€1,75"
146,Lucian,Egdal,legdal41@wikispaces.com,Male,223.184.164.232,"€1,46"
147,Roy,Shrubsall,rshrubsall42@deliciousdays.com,Male,21.89.209.155,"€8,06"
148,Ashien,Longstreeth,alongstreeth43@hud.gov,Female,106.184.114.13,"€8,63"
149,Che,Seeds,cseeds44@youtube.com,Male,194.121.249.228,"€7,11"
150,Quintina,De Carolis,qdecarolis45@omniture.com,Female,234.241.5.219,"€8,25"
151,Dasie,Harrema,dharrema46@reuters.com,Female,18.120.93.65,"€4,90"
152,Emmott,Silbersak,esilbersak47@pcworld.com,Male,198.177.81.34,"€7,36"
153,Tasia,Escofier,tescofier48@dmoz.org,Female,5.46.236.169,"€3,55"
154,Granthem,Cradey,gcradey49@cloudflare.com,Male,174.91.36.202,"€4,99"
155,Horten,O'Driscoll,hodriscoll4a@ustream.tv,Male,94.221.15.36,"€7,89"
156,Charis,Richel,crichel4b@multiply.com,Female,30.255.5.235,"€6,94"
157,Ambrosi,Kealey,akealey4c@weibo.com,Male,216.79.76.218,"€9,80"
158,Jennie,Hassey,jhassey4d@sourceforge.net,Female,15.104.198.102,"€7,17"
159,Lethia,Prosser,lprosser4e@nsw.gov.au,Female,70.204.90.224,"€5,94"
160,Andra,Antrobus,aantrobus4f@zimbio.com,Female,197.142.97.159,"€7,67"
161,Tamera,Crawcour,tcrawcour4g@indiegogo.com,Female,145.237.43.28,"€4,97"
162,Hube,Ibell,hibell4h@nifty.com,Male,69.136.31.36,"€4,08"
163,Georgie,Godley,ggodley4i@ted.com,Female,82.240.202.44,"€3,64"
164,Vivian,Mabbe,vmabbe4j@cmu.edu,Female,250.130.216.101,"€1,30"
165,Sheena,Guilloud,sguilloud4k@dailymail.co.uk,Female,196.183.108.235,"€5,06"
166,Salome,Persich,spersich4l@dedecms.com,Female,151.191.173.118,"€9,37"
167,Coralyn,Greenslade,cgreenslade4m@blogs.com,Female,2.235.226.112,"€8,52"
168,Royce,Truce,rtruce4n@desdev.cn,Male,12.219.191.85,"€1,75"
169,Vincenz,Kilius,vkilius4o@google.com.hk,Male,241.225.237.224,"€1,23"
170,Aleksandr,Vicar,avicar4p@nps.gov,Male,164.95.201.134,"€5,99"
171,Julio,Stansell,jstansell4q@wsj.com,Male,57.76.131.20,"€6,92"
172,Marti,Riden,mriden4r@w3.org,Female,185.213.235.252,"€2,93"
173,Ronni,Grint,rgrint4s@elpais.com,Female,52.216.186.60,"€2,05"
174,Kelsey,Stait,kstait4t@ed.gov,Male,42.142.8.54,"€6,07"
175,Floria,Jendrassik,fjendrassik4u@mit.edu,Female,173.149.95.141,"€8,33"
176,Illa,Miranda,imiranda4v@mediafire.com,Female,139.34.222.142,"€7,86"
177,Alexei,Dove,adove4w@theatlantic.com,Male,27.180.28.109,"€4,21"
178,Tana,Corben,tcorben4x@jugem.jp,Female,47.109.232.71,"€9,80"
179,Clifford,Cudde,ccudde4y@exblog.jp,Male,87.158.11.168,"€0,56"
180,Nickolas,Jellett,njellett4z@spiegel.de,Male,162.49.177.113,"€7,83"
181,Gayleen,Antonsen,gantonsen50@howstuffworks.com,Female,26.89.250.113,"€3,97"
182,Gavrielle,Lopes,glopes51@taobao.com,Female,157.142.195.220,"€7,65"
183,Ernest,Tremellan,etremellan52@rakuten.co.jp,Male,198.179.222.20,"€1,99"
184,Elsi,Lafayette,elafayette53@abc.net.au,Female,228.213.36.81,"€0,16"
185,Koenraad,Punchard,kpunchard54@apple.com,Male,79.130.40.163,"€1,24"
186,Cinderella,Cheale,ccheale55@businessweek.com,Female,67.38.190.153,"€5,03"
187,Barb,Belle,bbelle56@dot.gov,Female,135.78.111.149,"€5,30"
188,Mariele,McFater,mmcfater57@plala.or.jp,Female,159.208.224.158,"€2,43"
189,Stephen,Margerison,smargerison58@gov.uk,Male,125.123.161.207,"€2,54"
190,Jonas,Amberson,jamberson59@mozilla.org,Male,58.119.151.217,"€2,67"
191,Zechariah,Risson,zrisson5a@reddit.com,Male,47.35.127.233,"€1,50"
192,Cross,Runnicles,crunnicles5b@dropbox.com,Male,115.248.67.15,"€5,40"
193,Roberta,Wormell,rwormell5c@jugem.jp,Female,61.47.53.182,"€2,42"
194,Jodie,Wollaston,jwollaston5d@slashdot.org,Male,136.125.59.22,"€4,70"
195,Christiano,Biesinger,cbiesinger5e@rakuten.co.jp,Male,82.18.54.78,"€8,98"
196,Dian,Blemings,dblemings5f@joomla.org,Female,129.209.140.111,"€7,24"
197,Marco,Debnam,mdebnam5g@dell.com,Male,51.112.167.104,"€2,71"
198,Madelon,Rosenfelder,mrosenfelder5h@wp.com,Female,236.189.161.6,"€2,04"
199,Madelaine,Gayforth,mgayforth5i@about.me,Female,116.94.81.157,"€1,00"
200,Felicia,Graysmark,fgraysmark5j@ow.ly,Female,253.90.33.213,"€6,96"
201,Diena,Prince,dprince5k@slideshare.net,Female,77.33.44.69,"€2,66"
202,Antonio,Tarquinio,atarquinio5l@google.cn,Male,8.189.78.72,"€6,49"
203,Trace,Felgat,tfelgat5m@alexa.com,Male,174.206.114.11,"€4,88"
204,Gabrila,Thorndycraft,gthorndycraft5n@vinaora.com,Female,123.96.172.202,"€9,07"
205,Ede,Bierton,ebierton5o@nationalgeographic.com,Female,183.170.75.195,"€5,96"
206,Leonora,Iwanowski,liwanowski5p@discovery.com,Female,211.170.167.202,"€2,43"
207,Conrad,Urpeth,curpeth5q@godaddy.com,Male,190.69.218.104,"€7,87"
208,Fons,Pickover,fpickover5r@ameblo.jp,Male,184.146.125.153,"€5,08"
209,Jedidiah,Gascoine,jgascoine5s@wsj.com,Male,191.21.61.45,"€7,77"
210,Gal,Liles,gliles5t@wikimedia.org,Male,178.151.13.171,"€6,15"
211,Chicky,Whiteoak,cwhiteoak5u@nih.gov,Female,157.48.146.172,"€7,35"
212,Purcell,Limbrick,plimbrick5v@wisc.edu,Male,90.199.55.16,"€4,84"
213,Kerrie,Pere,kpere5w@mit.edu,Female,85.100.229.137,"€2,73"
214,Emmit,O'Kynsillaghe,eokynsillaghe5x@state.gov,Male,69.228.94.0,"€2,23"
215,Jaquith,Goshawke,jgoshawke5y@symantec.com,Female,195.144.186.231,"€2,68"
216,Myles,Doveston,mdoveston5z@ted.com,Male,187.24.6.95,"€1,80"
217,Joyce,Frankel,jfrankel60@goodreads.com,Female,241.14.122.150,"€1,32"
218,Archibaldo,Maruska,amaruska61@cornell.edu,Male,19.234.59.167,"€8,12"
219,Aryn,Noir,anoir62@aboutads.info,Female,36.213.221.73,"€1,98"
220,Barby,Raiston,braiston63@prnewswire.com,Female,114.25.99.222,"€7,65"
221,Moises,Brunn,mbrunn64@twitter.com,Male,104.243.121.1,"€5,45"
222,Stanislaus,Ferrarin,sferrarin65@oracle.com,Male,103.220.118.0,"€9,24"
223,Abagail,Pettis,apettis66@wordpress.org,Female,194.240.54.27,"€3,34"
224,Christian,Daftor,cdaftor67@linkedin.com,Male,9.221.181.178,"€1,25"
225,Micah,Grouvel,mgrouvel68@cnet.com,Male,169.138.160.90,"€4,28"
226,Godfrey,Summerrell,gsummerrell69@yolasite.com,Male,21.179.88.2,"€5,66"
227,Rodi,Goreway,rgoreway6a@pagesperso-orange.fr,Female,235.190.55.217,"€1,36"
228,Jaymie,Surguine,jsurguine6b@ft.com,Male,181.90.87.45,"€9,17"
229,Granville,Sendley,gsendley6c@toplist.cz,Male,89.126.108.178,"€6,33"
230,Costa,Odam,codam6d@yale.edu,Male,33.79.130.79,"€2,27"
231,Sander,Morcom,smorcom6e@berkeley.edu,Male,152.5.48.134,"€2,97"
232,Ailbert,Veryard,averyard6f@tuttocitta.it,Male,248.32.234.211,"€9,37"
233,Bern,Rocco,brocco6g@privacy.gov.au,Male,30.76.189.34,"€0,69"
234,Barb,Matyasik,bmatyasik6h@cdbaby.com,Female,159.93.116.35,"€3,10"
235,Felicle,Brugh,fbrugh6i@uol.com.br,Female,96.167.21.95,"€2,39"
236,Linda,Edkins,ledkins6j@bloglines.com,Female,182.82.206.59,"€7,96"
237,Ximenes,Tribble,xtribble6k@economist.com,Male,219.120.106.113,"€4,93"
238,Casar,Van den Oord,cvandenoord6l@technorati.com,Male,84.116.197.183,"€1,14"
239,Eirena,Pinches,epinches6m@wikispaces.com,Female,79.234.87.164,"€6,45"
240,Yettie,Tunnock,ytunnock6n@cmu.edu,Female,105.192.169.18,"€0,83"
241,Lennie,Sysland,lsysland6o@seesaa.net,Male,227.114.78.149,"€0,20"
242,Lindie,Cowern,lcowern6p@amazon.co.jp,Female,48.251.7.43,"€3,77"
243,Tommy,Knee,tknee6q@home.pl,Female,27.108.184.3,"€1,18"
244,Elyssa,Zanotti,ezanotti6r@ycombinator.com,Female,55.85.70.122,"€7,88"
245,Terrell,Mompesson,tmompesson6s@cbc.ca,Male,175.79.169.20,"€7,90"
246,Emilia,McFarland,emcfarland6t@utexas.edu,Female,164.147.44.136,"€5,59"
247,Joannes,Cantle,jcantle6u@imgur.com,Female,135.228.238.143,"€3,87"
248,Stu,Miko,smiko6v@goo.gl,Male,48.206.131.88,"€2,01"
249,Jonathon,Crooke,jcrooke6w@de.vu,Male,9.128.173.19,"€5,12"
250,Jessy,Hardeman,jhardeman6x@google.com.hk,Female,94.245.209.30,"€4,48"
251,Emmit,Ferriman,eferriman6y@bluehost.com,Male,229.181.221.171,"€4,62"
252,Robinia,Thorn,rthorn6z@bbc.co.uk,Female,12.161.30.249,"€8,03"
253,Tiffi,Lonsbrough,tlonsbrough70@redcross.org,Female,106.67.108.237,"€8,32"
254,Verna,Hannum,vhannum71@loc.gov,Female,163.126.242.63,"€1,94"
255,Emelen,Ivanchov,eivanchov72@oakley.com,Male,0.165.144.194,"€6,46"
256,Alard,Stelfax,astelfax73@cbc.ca,Male,98.63.196.233,"€3,07"
257,Cchaddie,Becraft,cbecraft74@netvibes.com,Male,81.22.217.234,"€7,42"
258,Belinda,Yearnes,byearnes75@yale.edu,Female,46.27.252.97,"€2,80"
259,Odo,Lulham,olulham76@howstuffworks.com,Male,26.139.41.156,"€9,01"
260,Bernadina,Arnoldi,barnoldi77@archive.org,Female,120.111.217.13,"€4,00"
261,Lenore,Horsley,lhorsley78@odnoklassniki.ru,Female,126.128.61.46,"€4,16"
262,Hilario,Yurukhin,hyurukhin79@furl.net,Male,227.197.2.160,"€4,98"
263,Alvera,Spall,aspall7a@addtoany.com,Female,124.117.207.3,"€0,71"
264,Valaria,Tembey,vtembey7b@washingtonpost.com,Female,27.4.69.4,"€5,95"
265,Roda,Upex,rupex7c@cyberchimps.com,Female,105.249.41.178,"€0,09"
266,Sancho,Bemlott,sbemlott7d@youtube.com,Male,152.8.210.98,"€0,19"
267,Leandra,Martell,lmartell7e@posterous.com,Female,97.224.211.208,"€0,96"
268,Rosaline,Meeland,rmeeland7f@indiatimes.com,Female,138.72.36.80,"€9,50"
269,Godwin,Pilpovic,gpilpovic7g@bbc.co.uk,Male,89.14.217.160,"€8,52"
270,Dill,Wey,dwey7h@canalblog.com,Male,24.193.35.142,"€5,36"
271,Jarib,Baudinet,jbaudinet7i@ameblo.jp,Male,95.137.69.17,"€8,46"
272,Kelcie,Tomashov,ktomashov7j@hibu.com,Female,93.211.182.110,"€3,43"
273,Farah,Mankor,fmankor7k@goo.gl,Female,156.51.214.17,"€7,05"
274,Anderson,Eatherton,aeatherton7l@bizjournals.com,Male,125.26.9.148,"€8,41"
275,Ervin,Hebblewhite,ehebblewhite7m@nytimes.com,Male,104.207.227.126,"€8,96"
276,Tabbi,Dunkerton,tdunkerton7n@biblegateway.com,Female,144.179.20.87,"€7,12"
277,Liz,Moores,lmoores7o@bizjournals.com,Female,102.96.253.110,"€8,54"
278,Vincenty,Bosdet,vbosdet7p@yellowpages.com,Male,68.105.214.6,"€4,02"
279,Konstance,Mundall,kmundall7q@addtoany.com,Female,231.66.116.59,"€5,27"
280,Velvet,Esome,vesome7r@twitpic.com,Female,188.181.94.234,"€1,87"
281,Barnard,Rubroe,brubroe7s@angelfire.com,Male,108.5.3.53,"€7,58"
282,Ives,Denny,idenny7t@wordpress.com,Male,208.210.209.228,"€9,29"
283,Wren,Taffurelli,wtaffurelli7u@kickstarter.com,Female,180.123.114.227,"€4,69"
284,Bren,Fay,bfay7v@sun.com,Female,17.132.140.57,"€4,36"
285,Vivie,Whinray,vwhinray7w@buzzfeed.com,Female,59.99.16.64,"€3,63"
286,Shurwood,Croisier,scroisier7x@xrea.com,Male,157.41.78.182,"€6,30"
287,Montgomery,Pask,mpask7y@mediafire.com,Male,13.115.149.169,"€2,51"
288,Michele,Harpur,mharpur7z@oakley.com,Female,80.11.181.37,"€6,06"
289,Rollo,Loving,rloving80@icio.us,Male,226.27.23.35,"€5,30"
290,Abner,Darnell,adarnell81@webmd.com,Male,242.160.164.40,"€3,87"
291,Ragnar,Rose,rrose82@unc.edu,Male,119.169.220.136,"€1,32"
292,Francois,McLorinan,fmclorinan83@cbsnews.com,Male,224.114.136.151,"€6,56"
293,Ciel,Mabbot,cmabbot84@wiley.com,Female,81.188.24.186,"€4,71"
294,Symon,Haggerstone,shaggerstone85@quantcast.com,Male,211.120.216.30,"€2,38"
295,Alyosha,Troop,atroop86@zimbio.com,Male,233.38.22.71,"€6,95"
296,Celestine,Cawston,ccawston87@i2i.jp,Female,9.23.144.186,"€7,25"
297,Wenonah,Pimerick,wpimerick88@dedecms.com,Female,106.249.94.34,"€2,06"
298,Iorgos,Tanby,itanby89@nytimes.com,Male,55.50.65.118,"€6,38"
299,Fidole,Waye,fwaye8a@desdev.cn,Male,166.117.177.202,"€2,83"
300,Bunni,Ginley,bginley8b@mapy.cz,Female,60.117.72.24,"€8,93"
301,Brandon,Gaythwaite,bgaythwaite8c@homestead.com,Male,186.41.87.186,"€8,75"
302,Brigit,Quemby,bquemby8d@upenn.edu,Female,201.143.90.17,"€1,15"
303,Aurelea,Lowles,alowles8e@si.edu,Female,77.156.225.29,"€7,85"
304,Farrah,Bargery,fbargery8f@ebay.co.uk,Female,252.182.250.153,"€2,34"
305,Abe,Dibbe,adibbe8g@pinterest.com,Male,9.43.238.239,"€1,11"
306,Hyatt,Gomes,hgomes8h@vimeo.com,Male,137.231.155.32,"€9,27"
307,Reggi,Tallent,rtallent8i@ocn.ne.jp,Female,141.247.165.120,"€4,55"
308,Clint,Illidge,cillidge8j@histats.com,Male,59.80.145.36,"€9,09"
309,Suellen,Redpath,sredpath8k@spiegel.de,Female,101.82.103.213,"€5,60"
310,Ebba,Karslake,ekarslake8l@yelp.com,Female,8.21.7.157,"€9,07"
311,Lula,Wohler,lwohler8m@dedecms.com,Female,142.158.48.57,"€10,00"
312,Isabel,Naire,inaire8n@wunderground.com,Female,80.72.102.112,"€1,01"
313,Bastien,Goundry,bgoundry8o@dedecms.com,Male,209.124.158.235,"€1,95"
314,Caresse,Twiddle,ctwiddle8p@canalblog.com,Female,98.103.62.220,"€7,87"
315,Rosmunda,O'Loinn,roloinn8q@addtoany.com,Female,120.96.129.199,"€6,73"
316,Johnnie,Dumbrall,jdumbrall8r@omniture.com,Male,155.92.91.83,"€9,66"
317,Gaultiero,Povlsen,gpovlsen8s@webs.com,Male,42.25.86.86,"€2,42"
318,Ariel,Kitcat,akitcat8t@house.gov,Male,82.167.39.10,"€5,35"
319,Rodrigo,Ovell,rovell8u@columbia.edu,Male,164.15.170.152,"€2,75"
320,Sibella,Greep,sgreep8v@discuz.net,Female,236.18.180.51,"€4,67"
321,Jesselyn,Tanzig,jtanzig8w@ifeng.com,Female,152.161.124.224,"€7,08"
322,Vladimir,Thowless,vthowless8x@unesco.org,Male,211.183.57.128,"€3,86"
323,Tobey,Plackstone,tplackstone8y@photobucket.com,Female,178.209.127.17,"€4,20"
324,Kristen,Lavallin,klavallin8z@mapy.cz,Female,160.124.19.153,"€2,66"
325,Latrena,Goodright,lgoodright90@earthlink.net,Female,49.206.159.116,"€2,91"
326,Jacklin,Waryk,jwaryk91@nps.gov,Female,28.143.186.52,"€3,01"
327,Adrianne,Lelliott,alelliott92@ox.ac.uk,Female,190.161.20.31,"€6,40"
328,Jessamine,Follitt,jfollitt93@yelp.com,Female,139.67.0.145,"€9,17"
329,Juditha,Siggins,jsiggins94@msn.com,Female,143.210.18.119,"€5,64"
330,Jillane,Espinha,jespinha95@ow.ly,Female,140.37.2.32,"€8,12"
331,Griffy,McLevie,gmclevie96@github.com,Male,192.167.169.148,"€8,61"
332,Loralie,MacVean,lmacvean97@zimbio.com,Female,242.235.91.101,"€4,93"
333,Ellyn,Titchener,etitchener98@t.co,Female,112.0.152.231,"€4,25"
334,Franzen,Rolfi,frolfi99@fc2.com,Male,93.235.64.43,"€9,39"
335,Rikki,Goody,rgoody9a@joomla.org,Female,205.142.140.244,"€4,06"
336,Molly,Cullnean,mcullnean9b@youtu.be,Female,123.190.125.249,"€5,86"
337,Raimund,Delucia,rdelucia9c@berkeley.edu,Male,181.137.15.77,"€1,86"
338,Glendon,Mauvin,gmauvin9d@ted.com,Male,180.90.78.119,"€4,71"
339,Dino,Westmore,dwestmore9e@europa.eu,Male,192.184.203.194,"€5,10"
340,Annabella,Cottrell,acottrell9f@hp.com,Female,19.6.43.152,"€0,40"
341,Tomlin,Oxborrow,toxborrow9g@livejournal.com,Male,103.203.159.34,"€0,95"
342,Ezmeralda,Baitey,ebaitey9h@howstuffworks.com,Female,246.15.40.197,"€0,03"
343,Skylar,Yeell,syeell9i@zdnet.com,Male,221.122.137.184,"€9,08"
344,Tailor,Connell,tconnell9j@epa.gov,Male,16.44.97.56,"€6,46"
345,Antoinette,Deeley,adeeley9k@cam.ac.uk,Female,69.62.17.242,"€4,16"
346,Rhea,Van der Veldt,rvanderveldt9l@nasa.gov,Female,179.190.85.187,"€8,07"
347,Augustina,Windley,awindley9m@amazon.com,Female,124.130.6.11,"€6,82"
348,Jilli,Ellard,jellard9n@ucoz.ru,Female,101.42.106.183,"€9,67"
349,Zara,Spinola,zspinola9o@comsenz.com,Female,73.182.218.224,"€6,99"
350,Leonard,Bazell,lbazell9p@cbslocal.com,Male,224.65.14.5,"€5,99"
351,Gerianna,Bernhardt,gbernhardt9q@cpanel.net,Female,146.252.178.152,"€3,44"
352,Lind,Stanlike,lstanlike9r@auda.org.au,Male,60.166.106.221,"€0,73"
353,Sheree,MacGarrity,smacgarrity9s@opensource.org,Female,121.230.250.132,"€4,43"
354,Ronny,Ixor,rixor9t@fastcompany.com,Male,238.56.246.58,"€6,95"
355,Marylynne,Chaston,mchaston9u@yahoo.com,Female,248.0.215.245,"€9,89"
356,Roze,Cockitt,rcockitt9v@jiathis.com,Female,187.10.153.119,"€0,86"
357,Allin,Alliband,aalliband9w@spiegel.de,Male,21.9.246.83,"€5,04"
358,Brenden,Servant,bservant9x@slideshare.net,Male,83.244.188.74,"€2,21"
359,Idette,Dyhouse,idyhouse9y@boston.com,Female,238.36.39.87,"€7,12"
360,Rae,Rubanenko,rrubanenko9z@google.es,Female,55.178.153.252,"€0,01"
361,Burtie,Fosserd,bfosserda0@free.fr,Male,168.188.171.239,"€7,96"
362,Brnaby,Bryns,bbrynsa1@europa.eu,Male,226.8.132.165,"€5,35"
363,Reginald,Abbate,rabbatea2@mashable.com,Male,29.162.107.28,"€7,23"
364,Tynan,Conquer,tconquera3@oakley.com,Male,97.147.125.8,"€1,99"
365,Xerxes,Batho,xbathoa4@amazon.de,Male,108.24.42.229,"€9,75"
366,Cece,Margerrison,cmargerrisona5@japanpost.jp,Male,235.3.225.231,"€4,98"
367,Kathi,Emig,kemiga6@biblegateway.com,Female,229.175.237.102,"€4,95"
368,Dickie,Leethem,dleethema7@liveinternet.ru,Male,184.8.165.62,"€8,46"
369,Finn,London,flondona8@jigsy.com,Male,133.229.250.230,"€4,81"
370,Julianne,Gregori,jgregoria9@plala.or.jp,Female,73.36.137.147,"€7,67"
371,Lorelei,Layson,llaysonaa@loc.gov,Female,149.79.84.53,"€2,24"
372,Quintana,Newland,qnewlandab@time.com,Female,241.197.174.83,"€9,03"
373,Bernarr,Offin,boffinac@wunderground.com,Male,135.236.181.151,"€8,45"
374,Bettine,Blazevic,bblazevicad@flickr.com,Female,111.110.227.15,"€2,94"
375,Halette,Carvill,hcarvillae@shutterfly.com,Female,243.61.48.180,"€3,29"
376,Tobin,Jorn,tjornaf@sakura.ne.jp,Male,97.11.190.55,"€0,10"
377,Helaine,Rixon,hrixonag@ted.com,Female,95.13.201.160,"€3,47"
378,Hank,Castagne,hcastagneah@seesaa.net,Male,150.175.213.24,"€9,18"
379,Karina,Aymerich,kaymerichai@apache.org,Female,104.25.236.247,"€5,42"
380,Karly,Cholwell,kcholwellaj@geocities.com,Female,10.41.24.210,"€4,71"
381,Alicia,Gullam,agullamak@fc2.com,Female,42.161.247.192,"€2,38"
382,Noe,de Wilde,ndewildeal@newsvine.com,Male,228.228.181.131,"€1,68"
383,Burtie,Durning,bdurningam@freewebs.com,Male,6.147.10.251,"€7,06"
384,Daniele,Anespie,danespiean@huffingtonpost.com,Female,249.28.67.69,"€4,80"
385,Brittni,Pegg,bpeggao@rakuten.co.jp,Female,58.62.192.79,"€6,12"
386,Daniele,Shillingford,dshillingfordap@bluehost.com,Female,35.11.165.46,"€6,64"
387,Asia,Spier,aspieraq@paypal.com,Female,100.77.66.105,"€0,93"
388,Pauline,Yateman,pyatemanar@prweb.com,Female,242.208.189.143,"€1,45"
389,Cherin,Shillan,cshillanas@purevolume.com,Female,50.73.134.169,"€8,15"
390,Karole,Halwood,khalwoodat@biblegateway.com,Female,205.62.67.19,"€2,22"
391,Randall,Harriott,rharriottau@netscape.com,Male,216.246.32.191,"€5,23"
392,Celesta,Dorracott,cdorracottav@exblog.jp,Female,124.77.50.45,"€2,61"
393,Kyle,Viccary,kviccaryaw@cisco.com,Female,191.115.98.245,"€0,99"
394,Kaile,Messier,kmessierax@posterous.com,Female,184.146.165.162,"€3,10"
395,Horatius,McQuaid,hmcquaiday@google.de,Male,64.13.206.127,"€9,77"
396,Reggy,Cayser,rcayseraz@goodreads.com,Male,48.30.3.63,"€3,36"
397,Barb,Klaaassen,bklaaassenb0@cloudflare.com,Female,171.211.130.185,"€5,15"
398,Hope,Boyford,hboyfordb1@aol.com,Female,140.198.119.160,"€7,62"
399,Jed,Preshaw,jpreshawb2@ebay.com,Male,2.127.82.193,"€2,19"
400,Latia,Templeton,ltempletonb3@sina.com.cn,Female,188.5.128.196,"€5,98"
401,Thibaud,Kalderon,tkalderonb4@ask.com,Male,114.129.30.179,"€2,34"
402,Eugenio,Calfe,ecalfeb5@people.com.cn,Male,69.125.205.66,"€4,92"
403,Willdon,Colquit,wcolquitb6@boston.com,Male,87.28.79.63,"€6,79"
404,Joanna,Kmiec,jkmiecb7@bravesites.com,Female,232.155.33.205,"€0,49"
405,Dickie,Wragg,dwraggb8@discovery.com,Male,166.81.57.164,"€5,28"
406,Vonny,McCorry,vmccorryb9@miitbeian.gov.cn,Female,152.226.214.232,"€6,25"
407,Rahel,Rennebeck,rrennebeckba@dell.com,Female,54.189.174.153,"€6,02"
408,Pavlov,Galvan,pgalvanbb@gnu.org,Male,237.65.149.205,"€9,15"
409,Currey,Cowling,ccowlingbc@g.co,Male,173.90.75.62,"€2,76"
410,Natassia,Phalip,nphalipbd@theglobeandmail.com,Female,47.245.207.55,"€3,81"
411,Vivyanne,Hazeldene,vhazeldenebe@storify.com,Female,115.4.31.159,"€1,29"
412,Mamie,Wolfers,mwolfersbf@ox.ac.uk,Female,3.96.215.175,"€9,51"
413,Gaylor,Lattka,glattkabg@mail.ru,Male,37.169.124.144,"€0,69"
414,Huey,Guiot,hguiotbh@cocolog-nifty.com,Male,18.42.149.139,"€1,94"
415,Carmela,Henzley,chenzleybi@com.com,Female,226.54.29.61,"€6,39"
416,Rozanne,Steptoe,rsteptoebj@ca.gov,Female,181.146.168.123,"€2,71"
417,Letta,Linwood,llinwoodbk@timesonline.co.uk,Female,68.185.87.12,"€5,68"
418,Ronica,Finker,rfinkerbl@twitpic.com,Female,94.36.54.88,"€5,45"
419,Andriette,Rimmington,arimmingtonbm@webs.com,Female,133.125.117.237,"€9,50"
420,Ruprecht,Mates,rmatesbn@usatoday.com,Male,160.254.145.175,"€2,26"
421,Hilary,Shury,hshurybo@ucsd.edu,Male,77.60.225.189,"€4,86"
422,Karry,Churchin,kchurchinbp@cocolog-nifty.com,Female,73.1.44.84,"€2,57"
423,Basile,Olliar,bolliarbq@newsvine.com,Male,65.217.206.29,"€6,36"
424,Ellswerth,de Guise,edeguisebr@usda.gov,Male,10.100.7.128,"€9,58"
425,Olia,Bentzen,obentzenbs@irs.gov,Female,64.105.207.176,"€7,05"
426,Morey,Mourant,mmourantbt@bing.com,Male,1.210.74.207,"€0,27"
427,Berty,Dutton,bduttonbu@who.int,Male,22.205.255.82,"€7,00"
428,Kylie,Sexton,ksextonbv@geocities.com,Female,192.160.83.39,"€6,80"
429,Kelvin,Tarrier,ktarrierbw@netvibes.com,Male,94.178.210.194,"€0,99"
430,Monah,Nightingale,mnightingalebx@friendfeed.com,Female,200.223.114.96,"€0,26"
431,Karlotte,Parlour,kparlourby@yelp.com,Female,17.182.6.192,"€8,52"
432,Doralin,McCarrell,dmccarrellbz@ameblo.jp,Female,36.19.171.221,"€9,96"
433,Lyndsay,Admans,ladmansc0@yelp.com,Female,8.68.209.216,"€8,39"
434,Kearney,Hillyatt,khillyattc1@china.com.cn,Male,46.43.17.60,"€4,18"
435,Lenora,Guerra,lguerrac2@irs.gov,Female,159.175.228.15,"€7,99"
436,Binky,Conyers,bconyersc3@google.ru,Male,157.233.154.73,"€9,47"
437,Amabelle,Hackworthy,ahackworthyc4@techcrunch.com,Female,163.141.180.168,"€6,89"
438,Belvia,Walcot,bwalcotc5@cbslocal.com,Female,63.176.51.147,"€6,74"
439,Adair,Aldham,aaldhamc6@icq.com,Male,31.56.64.226,"€7,42"
440,Kellyann,Skidmore,kskidmorec7@cornell.edu,Female,73.137.159.241,"€3,05"
441,Vilhelmina,Rodgerson,vrodgersonc8@bing.com,Female,230.40.19.49,"€9,74"
442,Mechelle,Chesman,mchesmanc9@dropbox.com,Female,242.150.29.4,"€3,94"
443,Jordana,Poletto,jpolettoca@arizona.edu,Female,27.121.42.84,"€4,24"
444,Berty,Lamberto,blambertocb@google.pl,Male,62.124.143.56,"€4,04"
445,Darcy,Soar,dsoarcc@nba.com,Male,177.184.28.132,"€1,02"
446,Mikkel,Venmore,mvenmorecd@1688.com,Male,187.252.82.138,"€9,05"
447,Nani,Truscott,ntruscottce@oaic.gov.au,Female,226.78.138.232,"€6,34"
448,Reagan,Koppes,rkoppescf@eepurl.com,Male,156.45.255.10,"€4,83"
449,Donall,Fydo,dfydocg@pagesperso-orange.fr,Male,67.167.223.65,"€2,48"
450,Merwin,Longbottom,mlongbottomch@tamu.edu,Male,16.50.207.48,"€9,45"
451,Bob,Maden,bmadenci@freewebs.com,Male,46.15.105.232,"€0,28"
452,Erika,Pulman,epulmancj@privacy.gov.au,Female,113.174.171.188,"€8,55"
453,Wesley,Clubbe,wclubbeck@webnode.com,Male,242.213.110.163,"€5,09"
454,Vonni,Samarth,vsamarthcl@flickr.com,Female,246.26.35.7,"€1,07"
455,Rees,Eicke,reickecm@patch.com,Male,33.59.253.71,"€4,29"
456,Derick,Morrott,dmorrottcn@answers.com,Male,227.212.95.250,"€2,99"
457,Romy,Barrass,rbarrassco@fc2.com,Female,32.98.9.230,"€5,16"
458,Erinna,Gilkison,egilkisoncp@example.com,Female,87.67.40.206,"€1,18"
459,Janessa,Valentelli,jvalentellicq@ifeng.com,Female,92.35.242.15,"€5,21"
460,Cathee,Johl,cjohlcr@gnu.org,Female,64.120.103.7,"€8,53"
461,Donny,Cottier,dcottiercs@phpbb.com,Female,87.65.66.165,"€6,24"
462,Cooper,Waterfield,cwaterfieldct@deviantart.com,Male,116.253.104.5,"€0,10"
463,Malissa,Zucker,mzuckercu@cisco.com,Female,160.200.18.149,"€4,29"
464,Lyell,Dawkins,ldawkinscv@comsenz.com,Male,65.92.51.64,"€9,34"
465,Byrann,Schiefersten,bschieferstencw@goo.gl,Male,32.103.185.25,"€5,42"
466,Estel,McGeouch,emcgeouchcx@prnewswire.com,Female,86.147.200.219,"€4,50"
467,Jeana,Kilcullen,jkilcullency@who.int,Female,91.199.219.182,"€8,28"
468,Ransom,Sainte Paul,rsaintepaulcz@miitbeian.gov.cn,Male,119.178.92.114,"€5,48"
469,Judi,Lieber,jlieberd0@digg.com,Female,193.170.123.166,"€0,37"
470,Don,Fery,dferyd1@baidu.com,Male,146.8.244.172,"€0,67"
471,Kevin,Grumley,kgrumleyd2@quantcast.com,Male,157.115.205.16,"€6,72"
472,Cole,Akred,cakredd3@archive.org,Male,217.10.197.69,"€5,40"
473,Bernetta,Axford,baxfordd4@merriam-webster.com,Female,100.132.83.57,"€3,79"
474,Steffen,O'Nion,soniond5@foxnews.com,Male,6.177.246.22,"€4,97"
475,Bennie,Hursey,bhurseyd6@ezinearticles.com,Male,3.195.84.130,"€7,09"
476,Wilone,Torre,wtorred7@eepurl.com,Female,123.237.182.23,"€7,75"
477,Xenos,Joska,xjoskad8@mysql.com,Male,241.53.184.91,"€4,50"
478,Rafi,Barday,rbardayd9@google.nl,Male,156.65.8.156,"€6,56"
479,Dulce,Shawe,dshaweda@marriott.com,Female,229.41.247.177,"€6,85"
480,Torrie,Eastham,teasthamdb@ow.ly,Female,105.8.98.162,"€7,35"
481,Scotty,Wetheril,swetherildc@i2i.jp,Male,106.139.19.151,"€6,68"
482,Levi,Kunze,lkunzedd@canalblog.com,Male,213.135.76.54,"€2,66"
483,Rene,Blewis,rblewisde@sitemeter.com,Male,153.19.54.128,"€4,75"
484,Ingamar,Casperri,icasperridf@cmu.edu,Male,0.191.203.63,"€1,78"
485,Ignazio,Scorah,iscorahdg@businessweek.com,Male,212.37.159.156,"€3,64"
486,Ruy,Snowman,rsnowmandh@dmoz.org,Male,205.119.116.107,"€3,17"
487,Waylen,Carmel,wcarmeldi@census.gov,Male,170.221.90.239,"€7,61"
488,Neil,McKeeman,nmckeemandj@reference.com,Male,58.107.54.144,"€6,25"
489,Alyse,Salkild,asalkilddk@altervista.org,Female,238.4.240.134,"€0,58"
490,Shelley,Bool,sbooldl@nationalgeographic.com,Male,193.223.16.45,"€2,89"
491,Lianna,Herkess,lherkessdm@senate.gov,Female,81.157.90.79,"€5,12"
492,Tammy,Tanslie,ttansliedn@prweb.com,Male,236.119.240.9,"€4,82"
493,Amory,Rowson,arowsondo@indiatimes.com,Male,92.57.211.177,"€6,68"
494,Kaylee,Brimelow,kbrimelowdp@sfgate.com,Female,156.215.198.185,"€5,65"
495,Gilemette,Spellessy,gspellessydq@ocn.ne.jp,Female,155.79.103.244,"€1,92"
496,Lek,Cogdon,lcogdondr@issuu.com,Male,69.121.34.4,"€6,95"
497,Dore,Caslin,dcaslinds@networkadvertising.org,Female,2.125.216.39,"€7,55"
498,Stinky,Roxby,sroxbydt@oaic.gov.au,Male,243.230.200.173,"€4,37"
499,Godiva,Cockley,gcockleydu@google.es,Female,46.198.80.60,"€9,08"
500,Liana,Pullar,lpullardv@barnesandnoble.com,Female,4.213.8.125,"€7,29"
501,Celeste,Cromarty,ccromartydw@g.co,Female,74.116.182.38,"€2,97"
502,Moises,Bockin,mbockindx@scribd.com,Male,169.109.23.180,"€3,73"
503,Gaven,Obeney,gobeneydy@cdbaby.com,Male,120.120.222.200,"€7,71"
504,Trish,Thresher,tthresherdz@microsoft.com,Female,17.60.213.60,"€7,91"
505,Jaynell,Robelow,jrobelowe0@wufoo.com,Female,65.131.54.229,"€9,95"
506,Bel,Angood,bangoode1@columbia.edu,Female,255.253.18.137,"€5,52"
507,Morgun,Nowland,mnowlande2@google.fr,Male,59.252.185.145,"€7,74"
508,Vernor,Boylan,vboylane3@flavors.me,Male,196.107.172.219,"€4,35"
509,Danila,Chasles,dchaslese4@symantec.com,Female,133.182.221.224,"€6,14"
510,Lanny,Thoumasson,lthoumassone5@webeden.co.uk,Male,72.32.192.43,"€3,81"
511,Karyl,Campey,kcampeye6@sakura.ne.jp,Female,1.55.128.157,"€2,34"
512,Fredia,Lally,flallye7@domainmarket.com,Female,11.120.196.165,"€0,67"
513,Nevsa,Freebury,nfreeburye8@un.org,Female,43.177.22.118,"€0,23"
514,Calli,Barke,cbarkee9@alexa.com,Female,94.140.101.235,"€5,91"
515,Rosanne,Elsdon,relsdonea@ftc.gov,Female,57.136.220.97,"€4,59"
516,Fowler,Burnhard,fburnhardeb@washington.edu,Male,190.195.36.73,"€8,43"
517,Shea,Chippin,schippinec@jimdo.com,Female,27.127.9.132,"€1,54"
518,Barney,Fumagall,bfumagalled@bravesites.com,Male,130.109.32.179,"€2,46"
519,Vi,Macieiczyk,vmacieiczykee@tinypic.com,Female,103.195.193.104,"€6,29"
520,Whitney,Rennison,wrennisonef@phoca.cz,Male,42.218.36.241,"€3,88"
521,Faber,Sweetzer,fsweetzereg@sfgate.com,Male,218.226.12.158,"€0,07"
522,Norah,Dikes,ndikeseh@unblog.fr,Female,159.2.14.122,"€4,69"
523,Karla,Inman,kinmanei@google.it,Female,111.252.29.41,"€8,83"
524,Jard,Inglesent,jinglesentej@state.gov,Male,239.90.12.48,"€1,12"
525,Bran,Coughtrey,bcoughtreyek@forbes.com,Male,127.6.34.135,"€8,98"
526,Arvin,Mathen,amathenel@chronoengine.com,Male,113.27.160.157,"€8,10"
527,Ranice,Yaus,ryausem@issuu.com,Female,176.94.159.247,"€9,54"
528,Kerrill,Toombs,ktoombsen@time.com,Female,152.162.218.138,"€7,24"
529,Walsh,Siuda,wsiudaeo@gnu.org,Male,23.199.92.103,"€3,73"
530,Chadd,Timeby,ctimebyep@issuu.com,Male,240.115.219.219,"€9,89"
531,Dario,Goeff,dgoeffeq@blogger.com,Male,178.239.9.170,"€4,28"
532,Jamison,Lockley,jlockleyer@mtv.com,Male,191.9.204.14,"€7,00"
533,Cale,Ashbe,cashbees@dion.ne.jp,Male,169.127.11.108,"€4,20"
534,Nedda,Gooddy,ngooddyet@bloomberg.com,Female,252.75.169.139,"€4,01"
535,Hamil,Broadbere,hbroadbereeu@hatena.ne.jp,Male,224.118.197.45,"€6,54"
536,Mile,Thamelt,mthameltev@cdbaby.com,Male,223.109.121.61,"€3,00"
537,Alethea,Haselup,ahaselupew@odnoklassniki.ru,Female,214.89.128.60,"€5,24"
538,Gracie,Lorrimer,glorrimerex@indiatimes.com,Female,158.111.191.191,"€8,03"
539,Dorey,Vigours,dvigoursey@examiner.com,Male,19.251.112.198,"€1,13"
540,Drugi,Hobgen,dhobgenez@unc.edu,Male,110.46.75.92,"€5,66"
541,Lavinie,Waylen,lwaylenf0@apple.com,Female,188.195.224.122,"€5,17"
542,Marnia,Anthiftle,manthiftlef1@slideshare.net,Female,129.155.8.207,"€4,62"
543,Egon,Gammons,egammonsf2@ezinearticles.com,Male,188.57.154.106,"€2,24"
544,Clotilda,McGeaney,cmcgeaneyf3@quantcast.com,Female,204.84.82.3,"€4,07"
545,Zuzana,Gorthy,zgorthyf4@examiner.com,Female,178.145.179.54,"€5,16"
546,Richardo,Longhurst,rlonghurstf5@shop-pro.jp,Male,219.176.46.100,"€7,84"
547,Morgun,Krabbe,mkrabbef6@t.co,Male,112.126.25.54,"€2,56"
548,Skipp,Pedracci,spedraccif7@unblog.fr,Male,239.116.65.145,"€7,47"
549,Rodrique,Boddy,rboddyf8@mlb.com,Male,144.93.219.196,"€9,02"
550,Linet,Youell,lyouellf9@flickr.com,Female,161.8.51.140,"€6,60"
551,Bruis,Abbotts,babbottsfa@hostgator.com,Male,96.34.47.17,"€6,08"
552,Terry,Yearsley,tyearsleyfb@columbia.edu,Female,166.240.63.242,"€9,24"
553,Fey,Tassell,ftassellfc@sphinn.com,Female,98.193.243.227,"€1,17"
554,Noel,Kerton,nkertonfd@telegraph.co.uk,Female,113.134.110.206,"€5,38"
555,Cristen,Brodnecke,cbrodneckefe@indiegogo.com,Female,73.241.239.120,"€5,70"
556,Rurik,Waker,rwakerff@so-net.ne.jp,Male,83.236.240.84,"€2,08"
557,Josephina,Spataro,jspatarofg@zimbio.com,Female,233.9.122.24,"€0,00"
558,Germaine,Shmyr,gshmyrfh@guardian.co.uk,Female,61.88.177.53,"€8,13"
559,Giorgia,Pollins,gpollinsfi@hp.com,Female,101.73.119.37,"€0,70"
560,Vassili,Marishenko,vmarishenkofj@pcworld.com,Male,26.119.100.156,"€3,99"
561,Rafaello,Warrilow,rwarrilowfk@themeforest.net,Male,39.158.56.253,"€1,77"
562,Alvira,D'Ambrosi,adambrosifl@patch.com,Female,137.176.170.79,"€8,44"
563,Emery,Platts,eplattsfm@ycombinator.com,Male,170.14.172.211,"€2,32"
564,Briano,Stritton,bstrittonfn@smh.com.au,Male,252.237.254.12,"€4,12"
565,Germayne,Darter,gdarterfo@miitbeian.gov.cn,Male,192.166.99.232,"€4,66"
566,Casper,Noriega,cnoriegafp@huffingtonpost.com,Male,254.242.128.85,"€9,51"
567,Claudio,Di Maria,cdimariafq@dyndns.org,Male,251.219.16.73,"€4,75"
568,Francois,Lemmer,flemmerfr@loc.gov,Male,102.186.28.107,"€5,08"
569,Audie,Snap,asnapfs@nationalgeographic.com,Female,225.156.178.4,"€7,31"
570,Charyl,Lyvon,clyvonft@businesswire.com,Female,230.70.60.167,"€0,20"
571,Lani,Garaway,lgarawayfu@e-recht24.de,Female,124.242.13.63,"€0,86"
572,Mattias,Cassam,mcassamfv@home.pl,Male,105.67.216.42,"€5,64"
573,Swen,Kordovani,skordovanifw@harvard.edu,Male,123.239.201.167,"€5,39"
574,Redd,O'Skehan,roskehanfx@about.com,Male,84.36.70.123,"€0,93"
575,Rock,Bernat,rbernatfy@vkontakte.ru,Male,9.237.131.36,"€3,51"
576,Frazer,Whyley,fwhyleyfz@alexa.com,Male,77.182.252.2,"€9,28"
577,Honoria,Ducaen,hducaeng0@constantcontact.com,Female,72.214.249.144,"€2,04"
578,Fletcher,Colkett,fcolkettg1@newsvine.com,Male,203.20.209.85,"€5,98"
579,Bendicty,Richly,brichlyg2@miibeian.gov.cn,Male,118.229.103.23,"€1,56"
580,Faina,Beisley,fbeisleyg3@hugedomains.com,Female,76.110.249.26,"€8,25"
581,Johannes,Wollen,jwolleng4@amazon.co.uk,Male,253.228.240.235,"€4,31"
582,Milton,McLuckie,mmcluckieg5@samsung.com,Male,29.95.208.36,"€3,49"
583,Rhianon,MacWhirter,rmacwhirterg6@go.com,Female,105.91.226.213,"€8,95"
584,Selena,Betham,sbethamg7@hibu.com,Female,48.138.183.141,"€6,65"
585,Kimble,Newns,knewnsg8@gov.uk,Male,57.247.232.93,"€7,90"
586,Emmi,Carty,ecartyg9@meetup.com,Female,6.91.66.227,"€9,58"
587,Angelia,Ruzic,aruzicga@businesswire.com,Female,30.138.237.91,"€0,24"
588,Merlina,Bezemer,mbezemergb@yahoo.com,Female,167.45.146.27,"€4,12"
589,Vita,Costa,vcostagc@mac.com,Female,224.222.33.220,"€9,86"
590,Broderic,Mitchard,bmitchardgd@baidu.com,Male,193.135.171.105,"€9,89"
591,Bailey,Jodlkowski,bjodlkowskige@alexa.com,Male,47.208.241.205,"€9,66"
592,Sibyl,Cleveley,scleveleygf@123-reg.co.uk,Female,115.167.245.233,"€3,96"
593,Adolph,Lube,alubegg@furl.net,Male,234.12.90.209,"€6,08"
594,Reginauld,Langworthy,rlangworthygh@mediafire.com,Male,127.238.167.223,"€4,93"
595,Orel,Aubri,oaubrigi@cnn.com,Female,43.178.70.191,"€7,79"
596,Johnette,Scedall,jscedallgj@elegantthemes.com,Female,15.185.211.218,"€5,09"
597,Eustacia,Izzard,eizzardgk@t.co,Female,156.115.30.105,"€7,91"
598,Karola,Ebenezer,kebenezergl@cpanel.net,Female,202.156.239.190,"€1,11"
599,Curran,Divell,cdivellgm@wisc.edu,Male,64.192.116.191,"€3,54"
600,Mace,Tansley,mtansleygn@spiegel.de,Male,216.186.245.135,"€7,53"
601,Olympia,Balle,oballego@google.fr,Female,123.189.174.50,"€2,03"
602,Jessamyn,Borg,jborggp@wordpress.org,Female,96.12.46.152,"€8,58"
603,Linn,Grishanov,lgrishanovgq@discovery.com,Female,69.146.26.133,"€8,73"
604,Finley,O'Cannon,focannongr@boston.com,Male,226.108.169.98,"€1,35"
605,Teresina,Howkins,thowkinsgs@example.com,Female,143.175.202.197,"€9,40"
606,Caria,Loffhead,cloffheadgt@de.vu,Female,138.148.209.86,"€2,37"
607,Clea,Scorton,cscortongu@newyorker.com,Female,140.0.8.12,"€2,09"
608,Peterus,Watkinson,pwatkinsongv@smh.com.au,Male,255.8.5.234,"€4,07"
609,Agata,Giercke,agierckegw@oakley.com,Female,3.155.59.70,"€3,73"
610,Pincas,Ferens,pferensgx@histats.com,Male,115.28.94.124,"€8,31"
611,Wilone,Marcroft,wmarcroftgy@thetimes.co.uk,Female,53.116.88.83,"€8,44"
612,Emmalyn,Larkins,elarkinsgz@lulu.com,Female,130.113.221.222,"€4,13"
613,Mart,Trew,mtrewh0@cargocollective.com,Male,120.241.204.244,"€7,26"
614,Ambrose,Ibell,aibellh1@deliciousdays.com,Male,77.152.194.44,"€7,83"
615,Eugene,Albarez,ealbarezh2@nih.gov,Male,86.14.144.199,"€5,60"
616,Arv,Rulton,arultonh3@tripod.com,Male,59.116.198.132,"€0,99"
617,Helsa,Blaisdell,hblaisdellh4@gmpg.org,Female,35.121.121.189,"€1,08"
618,Hugh,Netherwood,hnetherwoodh5@columbia.edu,Male,182.135.181.210,"€0,97"
619,Nesta,Cappleman,ncapplemanh6@bravesites.com,Female,187.112.184.139,"€9,04"
620,Anabella,Dioniso,adionisoh7@flickr.com,Female,200.165.100.113,"€0,56"
621,Kalle,Gyde,kgydeh8@prnewswire.com,Male,242.24.231.82,"€1,89"
622,Neile,Rivelin,nrivelinh9@unc.edu,Female,188.32.223.58,"€0,69"
623,Haskell,Bonder,hbonderha@mlb.com,Male,154.174.142.47,"€7,11"
624,Gregg,Giacopetti,ggiacopettihb@bbb.org,Male,182.18.121.196,"€4,37"
625,Aldus,O'Dooghaine,aodooghainehc@dailymail.co.uk,Male,172.15.249.74,"€2,98"
626,Brigitte,Vasnetsov,bvasnetsovhd@yellowbook.com,Female,198.145.31.95,"€6,84"
627,Linea,Stampfer,lstampferhe@noaa.gov,Female,85.225.90.25,"€3,79"
628,Allen,Duchant,aduchanthf@columbia.edu,Male,80.237.113.194,"€6,45"
629,Drona,Rudiger,drudigerhg@slideshare.net,Female,60.239.49.158,"€7,58"
630,Nil,Baigent,nbaigenthh@si.edu,Male,241.17.74.223,"€1,63"
631,Marketa,Schwant,mschwanthi@nytimes.com,Female,120.37.120.221,"€2,73"
632,Tobie,Everleigh,teverleighhj@telegraph.co.uk,Male,180.98.80.121,"€9,52"
633,Ezechiel,Hovy,ehovyhk@hatena.ne.jp,Male,41.196.219.132,"€2,91"
634,Kala,Maypother,kmaypotherhl@blogger.com,Female,143.46.158.105,"€6,76"
635,Hector,Glidder,hglidderhm@is.gd,Male,32.141.30.53,"€7,37"
636,Waylon,Lyddiard,wlyddiardhn@imgur.com,Male,201.15.220.189,"€7,96"
637,Winni,Northwood,wnorthwoodho@google.com,Female,14.194.239.234,"€2,70"
638,Brewster,Woodruffe,bwoodruffehp@dagondesign.com,Male,246.136.244.179,"€1,87"
639,Chance,Elderfield,celderfieldhq@wisc.edu,Male,157.142.90.136,"€7,40"
640,Binky,James,bjameshr@google.ca,Male,98.32.165.248,"€4,21"
641,Johnny,Arran,jarranhs@squarespace.com,Male,14.200.76.213,"€4,10"
642,Catlin,Jacklin,cjacklinht@cafepress.com,Female,184.186.95.155,"€2,17"
643,Cornelia,Lathom,clathomhu@over-blog.com,Female,13.168.161.92,"€4,00"
644,Hamilton,Manilow,hmanilowhv@hc360.com,Male,9.133.228.47,"€4,41"
645,Michell,Asling,maslinghw@123-reg.co.uk,Female,163.43.149.45,"€6,04"
646,Jennifer,Janes,jjaneshx@usnews.com,Female,222.96.184.107,"€5,21"
647,Kissiah,Manklow,kmanklowhy@livejournal.com,Female,195.186.90.136,"€8,14"
648,Demetris,Huegett,dhuegetthz@hp.com,Male,41.248.45.228,"€5,08"
649,Brice,Plaschke,bplaschkei0@virginia.edu,Male,156.2.211.172,"€9,43"
650,Shir,Kalinke,skalinkei1@w3.org,Female,117.205.7.28,"€4,93"
651,Serena,Kinastan,skinastani2@patch.com,Female,76.73.66.47,"€3,47"
652,Eve,Klimes,eklimesi3@soup.io,Female,21.27.231.9,"€9,24"
653,Shelton,Tullett,stulletti4@desdev.cn,Male,11.231.127.209,"€5,81"
654,Shirlene,Gowanson,sgowansoni5@telegraph.co.uk,Female,9.75.224.62,"€5,08"
655,Camey,Lindenman,clindenmani6@fda.gov,Male,3.14.97.3,"€3,11"
656,Ricki,McFarlane,rmcfarlanei7@mlb.com,Female,158.206.216.150,"€7,15"
657,Perry,Tyson,ptysoni8@mashable.com,Female,81.200.127.74,"€7,19"
658,Farlee,Brainsby,fbrainsbyi9@apache.org,Male,240.169.213.16,"€6,84"
659,Bran,McSkeagan,bmcskeagania@360.cn,Male,93.57.217.102,"€8,09"
660,Yale,Kinnach,ykinnachib@hostgator.com,Male,147.145.247.82,"€9,30"
661,Xenos,Sandwich,xsandwichic@japanpost.jp,Male,222.8.37.124,"€8,75"
662,Byran,Dark,bdarkid@usda.gov,Male,185.31.239.20,"€6,49"
663,Delmer,Galway,dgalwayie@livejournal.com,Male,99.17.101.19,"€9,25"
664,Lucais,Fenn,lfennif@blog.com,Male,23.77.104.222,"€5,42"
665,Salmon,Edson,sedsonig@hao123.com,Male,156.106.140.81,"€9,08"
666,Rois,Scrase,rscraseih@google.com.hk,Female,190.120.144.31,"€1,68"
667,Flossy,Swanne,fswanneii@unblog.fr,Female,142.84.174.23,"€3,21"
668,Josey,McDill,jmcdillij@bing.com,Female,141.249.53.6,"€8,11"
669,Odell,Iannetti,oiannettiik@sitemeter.com,Male,167.205.183.240,"€8,62"
670,Billy,Synnot,bsynnotil@networksolutions.com,Male,199.14.100.172,"€9,74"
671,Gillie,Gerckens,ggerckensim@globo.com,Female,90.73.144.8,"€5,00"
672,Hannie,Verdy,hverdyin@ucoz.ru,Female,100.76.141.64,"€8,39"
673,Ulberto,Cunah,ucunahio@tmall.com,Male,22.242.113.168,"€0,94"
674,Gar,Lathom,glathomip@pinterest.com,Male,103.223.202.227,"€0,17"
675,Kaspar,Piff,kpiffiq@tripadvisor.com,Male,208.17.9.6,"€7,59"
676,Beck,Langlands,blanglandsir@chron.com,Male,164.242.51.243,"€0,72"
677,Thekla,Claybourn,tclaybournis@weebly.com,Female,59.50.114.117,"€5,53"
678,Jessa,Doctor,jdoctorit@sitemeter.com,Female,55.188.172.69,"€4,07"
679,Basil,Weadick,bweadickiu@pinterest.com,Male,73.94.181.200,"€9,41"
680,Noe,Papes,npapesiv@independent.co.uk,Male,131.237.213.142,"€4,68"
681,Stearn,Michelotti,smichelottiiw@seattletimes.com,Male,132.111.77.136,"€5,21"
682,Nikkie,Sowley,nsowleyix@usgs.gov,Female,0.42.17.99,"€9,60"
683,Arne,Renwick,arenwickiy@yale.edu,Male,154.221.107.115,"€9,44"
684,Jase,Beaves,jbeavesiz@microsoft.com,Male,67.133.207.229,"€1,70"
685,Novelia,Colborn,ncolbornj0@google.es,Female,199.170.46.74,"€7,01"
686,Esdras,De Malchar,edemalcharj1@google.nl,Male,128.32.162.53,"€4,68"
687,Jerrylee,Gillam,jgillamj2@google.co.jp,Female,132.252.190.113,"€7,26"
688,Quintana,Margiotta,qmargiottaj3@people.com.cn,Female,226.152.154.24,"€4,43"
689,Grove,Caulkett,gcaulkettj4@seattletimes.com,Male,149.14.190.252,"€9,19"
690,Mathilda,Borrow,mborrowj5@census.gov,Female,78.207.52.123,"€1,16"
691,Susannah,Eschelle,seschellej6@nhs.uk,Female,29.126.94.6,"€5,65"
692,Wilfred,Firebrace,wfirebracej7@bigcartel.com,Male,174.117.54.238,"€3,68"
693,Lucias,Farrer,lfarrerj8@nih.gov,Male,200.246.190.36,"€8,10"
694,Ermentrude,Littlechild,elittlechildj9@soundcloud.com,Female,118.226.45.128,"€2,70"
695,Carma,Molyneux,cmolyneuxja@columbia.edu,Female,96.112.96.35,"€6,85"
696,Curran,Szabo,cszabojb@qq.com,Male,57.143.69.146,"€8,30"
697,Gardner,Prin,gprinjc@xinhuanet.com,Male,61.7.159.237,"€6,94"
698,Sande,Triebner,striebnerjd@constantcontact.com,Female,184.58.177.99,"€6,38"
699,Drusilla,Perview,dperviewje@shutterfly.com,Female,182.114.127.121,"€1,89"
700,Joy,Ridge,jridgejf@addthis.com,Female,75.82.127.8,"€9,09"
701,Tammy,Caustic,tcausticjg@thetimes.co.uk,Male,117.58.13.251,"€6,44"
702,Valina,Bouttell,vbouttelljh@howstuffworks.com,Female,147.199.144.218,"€0,82"
703,Pierette,Ellard,pellardji@tuttocitta.it,Female,220.92.228.231,"€8,05"
704,Oates,Bowser,obowserjj@baidu.com,Male,103.89.219.213,"€1,47"
705,Morly,Turpin,mturpinjk@accuweather.com,Male,122.87.24.45,"€0,46"
706,Hunter,Gergler,hgerglerjl@auda.org.au,Male,221.3.89.78,"€1,07"
707,Magdalena,Levermore,mlevermorejm@wordpress.org,Female,44.38.9.80,"€5,30"
708,Remington,Daelman,rdaelmanjn@apache.org,Male,2.70.82.249,"€5,29"
709,Marris,Brodbin,mbrodbinjo@bluehost.com,Female,219.189.71.167,"€2,67"
710,Katey,Gillmor,kgillmorjp@walmart.com,Female,240.180.93.139,"€8,57"
711,Dalia,Wagge,dwaggejq@prweb.com,Female,250.27.121.50,"€2,48"
712,Vladimir,Kinkade,vkinkadejr@list-manage.com,Male,18.165.241.215,"€7,05"
713,Leeland,Zanetto,lzanettojs@accuweather.com,Male,95.75.19.212,"€5,16"
714,Raffarty,Byrth,rbyrthjt@ucla.edu,Male,123.11.10.118,"€6,37"
715,Walton,Hennington,whenningtonju@instagram.com,Male,129.34.225.5,"€9,48"
716,Janos,MacComiskey,jmaccomiskeyjv@psu.edu,Male,251.66.233.181,"€8,27"
717,Catina,Carlsen,ccarlsenjw@jalbum.net,Female,135.29.223.48,"€2,18"
718,Melinda,Diver,mdiverjx@skyrock.com,Female,206.49.149.149,"€1,95"
719,Tibold,Butt Gow,tbuttgowjy@statcounter.com,Male,112.31.148.153,"€5,97"
720,Johnette,Sedgemond,jsedgemondjz@people.com.cn,Female,123.231.254.242,"€5,26"
721,Karole,Bresner,kbresnerk0@state.gov,Female,117.23.149.220,"€1,20"
722,Roley,Nock,rnockk1@wordpress.org,Male,136.100.229.50,"€8,63"
723,Cale,Ailward,cailwardk2@barnesandnoble.com,Male,237.3.98.56,"€1,99"
724,Orazio,Kelshaw,okelshawk3@moonfruit.com,Male,27.217.171.135,"€9,00"
725,Arthur,Corbally,acorballyk4@dot.gov,Male,66.21.197.60,"€7,03"
726,Terencio,Ravilus,travilusk5@prlog.org,Male,45.55.225.97,"€0,64"
727,Gustavus,Feary,gfearyk6@imdb.com,Male,13.216.171.3,"€6,00"
728,Suzanne,Fudge,sfudgek7@123-reg.co.uk,Female,165.185.10.26,"€7,66"
729,Gery,Lorans,gloransk8@google.co.uk,Male,57.200.147.39,"€2,63"
730,Gillan,Norker,gnorkerk9@ihg.com,Female,132.248.188.234,"€2,09"
731,Sidonnie,Collman,scollmanka@51.la,Female,230.190.15.69,"€6,54"
732,Jacquenette,Blench,jblenchkb@washingtonpost.com,Female,0.127.15.147,"€6,80"
733,Ruperto,Oxberry,roxberrykc@google.com,Male,130.204.121.109,"€2,54"
734,Elfrieda,Meneer,emeneerkd@unesco.org,Female,40.128.175.125,"€3,03"
735,Tiff,Brumbye,tbrumbyeke@twitter.com,Female,136.60.231.84,"€6,90"
736,Nichole,Ladbury,nladburykf@miitbeian.gov.cn,Female,74.246.244.133,"€3,08"
737,Elijah,Yakovitch,eyakovitchkg@pinterest.com,Male,12.138.162.140,"€9,23"
738,Ettore,Burgwyn,eburgwynkh@washington.edu,Male,199.51.36.67,"€6,40"
739,Silvie,Fosten,sfostenki@facebook.com,Female,109.141.179.199,"€3,49"
740,Otis,Sanbroke,osanbrokekj@dyndns.org,Male,204.39.54.53,"€7,32"
741,Clarance,Clynter,cclynterkk@smugmug.com,Male,64.43.164.34,"€0,20"
742,Colleen,Mayworth,cmayworthkl@mozilla.com,Female,5.146.15.242,"€0,25"
743,Justis,Cadalleder,jcadallederkm@marketwatch.com,Male,201.110.50.111,"€5,73"
744,Mile,Cooling,mcoolingkn@list-manage.com,Male,244.152.228.233,"€8,24"
745,Deedee,Ablott,dablottko@usgs.gov,Female,109.109.220.105,"€2,09"
746,Salomon,Windress,swindresskp@phpbb.com,Male,75.70.105.118,"€5,46"
747,Serene,Schimek,sschimekkq@joomla.org,Female,60.166.147.7,"€5,33"
748,Adelina,Meader,ameaderkr@home.pl,Female,79.223.63.116,"€4,85"
749,Dolly,Pyffe,dpyffeks@sina.com.cn,Female,49.225.238.97,"€7,35"
750,Maxy,Offiler,moffilerkt@mapy.cz,Female,221.101.102.119,"€7,29"
751,Huberto,Bonde,hbondeku@biblegateway.com,Male,136.159.207.127,"€7,34"
752,Pierette,Croal,pcroalkv@godaddy.com,Female,183.72.142.152,"€1,66"
753,Winnie,Bondar,wbondarkw@wordpress.org,Male,209.83.26.255,"€3,81"
754,Ulysses,Ockenden,uockendenkx@i2i.jp,Male,53.255.176.238,"€2,22"
755,Sharity,Hearn,shearnky@cdc.gov,Female,70.185.5.147,"€1,29"
756,Marcos,Cockcroft,mcockcroftkz@walmart.com,Male,195.214.230.244,"€7,98"
757,Lemar,Arkil,larkill0@cnn.com,Male,166.147.97.20,"€2,36"
758,Annetta,Siseland,asiselandl1@pagesperso-orange.fr,Female,250.184.36.193,"€7,56"
759,Clayborn,Quaife,cquaifel2@creativecommons.org,Male,205.151.73.235,"€8,77"
760,Sondra,Manchett,smanchettl3@europa.eu,Female,251.2.127.42,"€5,72"
761,Julina,Swaden,jswadenl4@pinterest.com,Female,138.239.27.246,"€0,58"
762,Cary,Van Velden,cvanveldenl5@printfriendly.com,Female,27.48.210.6,"€5,84"
763,Viviyan,Swindells,vswindellsl6@about.me,Female,210.208.72.106,"€7,17"
764,Bea,Brozsset,bbrozssetl7@miibeian.gov.cn,Female,54.48.0.69,"€1,83"
765,Elias,Uccelli,euccellil8@weebly.com,Male,228.160.104.80,"€2,59"
766,Danielle,Obbard,dobbardl9@bbb.org,Female,175.214.111.73,"€3,45"
767,Pip,Purrington,ppurringtonla@geocities.jp,Male,236.66.152.99,"€8,55"
768,Bernie,Everill,beverilllb@last.fm,Female,183.181.25.252,"€8,36"
769,Klarrisa,Curtayne,kcurtaynelc@bbb.org,Female,37.41.221.70,"€3,16"
770,Jesus,Farady,jfaradyld@altervista.org,Male,87.54.80.90,"€0,29"
771,Veronica,Huntley,vhuntleyle@umich.edu,Female,238.236.10.46,"€3,83"
772,Eba,Crosskill,ecrosskilllf@ehow.com,Female,64.209.71.252,"€9,33"
773,Bentley,McKellen,bmckellenlg@istockphoto.com,Male,240.203.215.182,"€1,77"
774,Nikki,Flippini,nflippinilh@taobao.com,Male,78.111.146.123,"€9,63"
775,Fanni,Esmond,fesmondli@accuweather.com,Female,16.185.25.23,"€3,20"
776,Burk,Walcar,bwalcarlj@booking.com,Male,24.255.249.87,"€7,07"
777,Palmer,Malamore,pmalamorelk@slate.com,Male,99.95.246.89,"€1,31"
778,Freeman,Taysbil,ftaysbilll@infoseek.co.jp,Male,140.210.68.183,"€0,77"
779,Harwilll,Aimeric,haimericlm@npr.org,Male,158.39.7.216,"€8,42"
780,Delmar,Island,dislandln@ask.com,Male,64.101.102.164,"€5,05"
781,Sheeree,Walkey,swalkeylo@ihg.com,Female,41.116.21.96,"€5,32"
782,Jo-ann,Hobbing,jhobbinglp@instagram.com,Female,15.45.46.16,"€8,33"
783,Gale,Chestney,gchestneylq@wikimedia.org,Female,219.235.249.224,"€1,19"
784,Thebault,Luggar,tluggarlr@nymag.com,Male,43.1.59.28,"€1,83"
785,Maggy,Chess,mchessls@google.es,Female,215.125.1.34,"€9,09"
786,Alisha,Albany,aalbanylt@wp.com,Female,216.29.76.70,"€9,98"
787,Raye,Dametti,rdamettilu@tripod.com,Female,128.200.13.79,"€1,07"
788,Gillian,Wrenn,gwrennlv@amazon.co.uk,Female,18.163.205.175,"€4,95"
789,Bren,Horrigan,bhorriganlw@samsung.com,Female,45.248.50.255,"€1,99"
790,Berny,Pickover,bpickoverlx@techcrunch.com,Female,183.108.242.226,"€5,32"
791,Garv,Scholtis,gscholtisly@google.de,Male,241.17.72.39,"€6,15"
792,Cord,Casassa,ccasassalz@constantcontact.com,Male,50.103.187.107,"€5,46"
793,Ardys,Gallemore,agallemorem0@wikimedia.org,Female,18.71.83.154,"€3,85"
794,Jami,Marle,jmarlem1@imgur.com,Female,202.58.58.118,"€8,63"
795,Linn,Loudyan,lloudyanm2@yelp.com,Male,204.160.48.10,"€9,70"
796,Antone,MacKegg,amackeggm3@csmonitor.com,Male,170.252.63.180,"€8,91"
797,Ynez,Twycross,ytwycrossm4@usa.gov,Female,243.115.141.103,"€4,54"
798,Kattie,Cesconi,kcesconim5@merriam-webster.com,Female,180.46.83.164,"€3,45"
799,Melvin,Wyllie,mwylliem6@creativecommons.org,Male,42.122.189.162,"€4,48"
800,Glad,Gaspero,ggasperom7@drupal.org,Female,219.219.121.106,"€8,42"
801,Carling,Mantha,cmantham8@smugmug.com,Male,215.98.160.252,"€4,10"
802,Gilda,Matten,gmattenm9@arizona.edu,Female,165.124.211.66,"€0,19"
803,Hill,Wolfe,hwolfema@bluehost.com,Male,129.89.25.125,"€1,59"
804,Tarrance,Saxton,tsaxtonmb@amazon.de,Male,222.115.91.68,"€3,48"
805,Ricki,Desesquelle,rdesesquellemc@mysql.com,Male,178.174.130.213,"€5,82"
806,Valene,Alyoshin,valyoshinmd@answers.com,Female,220.125.183.107,"€3,51"
807,Hurlee,Gierke,hgierkeme@mozilla.com,Male,78.90.247.196,"€7,06"
808,Skylar,Bartczak,sbartczakmf@slashdot.org,Male,59.49.64.111,"€7,27"
809,Karolina,Managh,kmanaghmg@engadget.com,Female,202.71.178.181,"€1,93"
810,Hadrian,Lantry,hlantrymh@friendfeed.com,Male,190.76.182.11,"€7,46"
811,Emma,Chugg,echuggmi@ask.com,Female,165.10.175.14,"€3,97"
812,Izaak,Mancell,imancellmj@biblegateway.com,Male,138.255.192.114,"€9,12"
813,Bridie,Gillivrie,bgillivriemk@kickstarter.com,Female,34.153.125.103,"€0,82"
814,Elihu,Parsonage,eparsonageml@mapquest.com,Male,23.38.4.70,"€3,96"
815,Emmalyn,Madison,emadisonmm@pinterest.com,Female,214.53.220.103,"€6,25"
816,Morgun,Ather,mathermn@businesswire.com,Male,244.254.165.54,"€0,49"
817,Elizabet,Buie,ebuiemo@domainmarket.com,Female,189.252.106.137,"€8,17"
818,Bertha,McCotter,bmccottermp@i2i.jp,Female,97.64.139.201,"€1,29"
819,Dale,Taudevin,dtaudevinmq@meetup.com,Male,59.190.69.99,"€5,18"
820,Gussy,Stannis,gstannismr@wordpress.org,Female,252.183.228.216,"€5,21"
821,Wynne,Balas,wbalasms@pen.io,Female,135.13.130.237,"€2,31"
822,Alejandro,Pumfrey,apumfreymt@google.ca,Male,15.200.151.154,"€3,49"
823,Georgine,Dowd,gdowdmu@fc2.com,Female,204.205.35.176,"€6,15"
824,Gino,Yurenin,gyureninmv@biblegateway.com,Male,91.150.119.92,"€1,32"
825,Fabien,Bough,fboughmw@buzzfeed.com,Male,22.58.145.106,"€3,88"
826,Mindy,Kivits,mkivitsmx@sourceforge.net,Female,171.135.233.70,"€8,16"
827,Carney,Stanning,cstanningmy@bloglovin.com,Male,79.111.157.47,"€7,12"
828,Raphaela,Brosenius,rbroseniusmz@nydailynews.com,Female,209.6.111.85,"€2,88"
829,Aldus,Lievesley,alievesleyn0@hud.gov,Male,166.163.91.60,"€9,30"
830,Philip,Mattecot,pmattecotn1@time.com,Male,157.200.143.121,"€4,00"
831,Jdavie,Fetherby,jfetherbyn2@twitter.com,Male,148.65.196.0,"€1,91"
832,Ignacio,Monger,imongern3@netlog.com,Male,203.217.141.54,"€8,78"
833,Jesse,Stowte,jstowten4@dion.ne.jp,Female,221.123.1.220,"€8,83"
834,Georgie,Reichert,greichertn5@mozilla.com,Male,38.31.51.179,"€7,08"
835,Delcina,Wimpeney,dwimpeneyn6@topsy.com,Female,117.239.29.239,"€4,79"
836,Charlotte,Lackington,clackingtonn7@pagesperso-orange.fr,Female,242.216.145.73,"€8,39"
837,Bord,Burnes,bburnesn8@unc.edu,Male,12.159.50.209,"€3,45"
838,Gennifer,Kinastan,gkinastann9@kickstarter.com,Female,252.250.209.255,"€1,98"
839,Aloise,Zarfat,azarfatna@psu.edu,Female,96.210.106.120,"€2,60"
840,Harald,Machon,hmachonnb@weibo.com,Male,73.182.236.143,"€0,93"
841,Hill,Bernardotti,hbernardottinc@ning.com,Male,250.111.230.149,"€3,81"
842,Myrlene,Pashan,mpashannd@illinois.edu,Female,27.53.118.20,"€1,71"
843,Bryana,Chisholm,bchisholmne@uol.com.br,Female,186.51.126.40,"€6,52"
844,Georgy,Roles,grolesnf@nba.com,Male,65.213.222.241,"€2,43"
845,Bret,Parke,bparkeng@bbb.org,Male,80.97.153.136,"€4,53"
846,Michelina,Huccaby,mhuccabynh@ihg.com,Female,124.210.92.30,"€3,89"
847,Ellen,Witchard,ewitchardni@devhub.com,Female,202.103.120.181,"€4,96"
848,Rowena,O'Gaven,rogavennj@ft.com,Female,34.68.133.249,"€4,88"
849,Nixie,Lardge,nlardgenk@nymag.com,Female,47.186.182.63,"€2,14"
850,Angelica,Mathews,amathewsnl@cafepress.com,Female,220.5.151.5,"€8,89"
851,Prisca,Buyers,pbuyersnm@nih.gov,Female,90.176.239.76,"€4,85"
852,Holt,Hacon,hhaconnn@mozilla.org,Male,128.166.204.109,"€7,79"
853,Jaimie,Skacel,jskacelno@usa.gov,Male,46.49.201.46,"€4,95"
854,Karel,Aymer,kaymernp@bigcartel.com,Female,185.231.163.191,"€2,34"
855,Ezri,Howsego,ehowsegonq@google.de,Male,242.65.243.223,"€5,05"
856,Ailene,Goulborn,agoulbornnr@wsj.com,Female,95.207.252.229,"€9,00"
857,Candy,Espadater,cespadaterns@wp.com,Female,135.147.212.141,"€5,17"
858,Hernando,Shrimplin,hshrimplinnt@google.nl,Male,28.170.71.16,"€3,32"
859,Danya,Petett,dpetettnu@list-manage.com,Male,21.143.11.42,"€9,96"
860,Cchaddie,Finey,cfineynv@flavors.me,Male,35.159.6.221,"€0,75"
861,Goddard,Idell,gidellnw@netscape.com,Male,113.179.252.180,"€7,75"
862,Prinz,Shewan,pshewannx@google.es,Male,204.241.82.89,"€3,67"
863,Sly,Swindell,sswindellny@apple.com,Male,247.62.110.243,"€3,40"
864,Marielle,Yakunkin,myakunkinnz@cyberchimps.com,Female,190.209.202.53,"€8,19"
865,Katrina,Plant,kplanto0@wikispaces.com,Female,188.106.19.17,"€8,84"
866,Ivett,Di Biagi,idibiagio1@weebly.com,Female,168.131.133.130,"€5,96"
867,Con,Behninck,cbehnincko2@webnode.com,Female,24.147.6.226,"€0,42"
868,Rhetta,Cotsford,rcotsfordo3@tiny.cc,Female,115.143.207.47,"€4,33"
869,Cirstoforo,McCumesky,cmccumeskyo4@unesco.org,Male,36.147.170.135,"€8,87"
870,Markus,Brodeur,mbrodeuro5@com.com,Male,117.157.90.176,"€4,81"
871,Eilis,Benditt,ebenditto6@dell.com,Female,72.238.120.63,"€0,00"
872,Parnell,Owenson,powensono7@ocn.ne.jp,Male,46.136.96.240,"€4,85"
873,Erik,Pashen,epasheno8@cpanel.net,Male,104.157.79.87,"€7,54"
874,Darla,O'Loughane,doloughaneo9@symantec.com,Female,97.60.97.107,"€0,20"
875,Agosto,Fley,afleyoa@youtu.be,Male,94.161.218.185,"€6,37"
876,Hollis,Sexcey,hsexceyob@opera.com,Male,166.170.143.176,"€6,09"
877,Kelly,Thames,kthamesoc@senate.gov,Male,15.8.178.56,"€9,11"
878,Leta,Longthorne,llongthorneod@tripod.com,Female,43.187.20.67,"€0,53"
879,Jordan,MacKeeg,jmackeegoe@g.co,Male,191.204.21.114,"€9,49"
880,Barnett,Kempstone,bkempstoneof@behance.net,Male,209.241.160.167,"€1,67"
881,Lockwood,Anstice,lansticeog@imgur.com,Male,227.191.157.251,"€2,62"
882,Karl,Mayoh,kmayohoh@cdbaby.com,Male,8.40.157.25,"€9,27"
883,Suzann,Salvadore,ssalvadoreoi@rakuten.co.jp,Female,188.31.19.64,"€4,12"
884,Tailor,Holbarrow,tholbarrowoj@sogou.com,Male,121.15.150.59,"€8,28"
885,Tadeas,Titcomb,ttitcombok@topsy.com,Male,29.71.40.155,"€8,64"
886,Cos,Dat,cdatol@yellowbook.com,Male,121.4.105.240,"€0,67"
887,Bobbie,Tomlett,btomlettom@bigcartel.com,Female,38.226.93.157,"€1,39"
888,Benedicto,Ellesworth,bellesworthon@drupal.org,Male,136.66.116.162,"€2,50"
889,Katrina,Staterfield,kstaterfieldoo@simplemachines.org,Female,160.36.65.170,"€7,42"
890,Baxy,Rivilis,brivilisop@who.int,Male,168.193.15.211,"€9,03"
891,Auria,Nisard,anisardoq@reuters.com,Female,193.110.136.115,"€3,81"
892,Hamnet,Davana,hdavanaor@surveymonkey.com,Male,100.103.4.213,"€2,03"
893,Otis,Conkay,oconkayos@ucoz.ru,Male,97.242.92.103,"€6,96"
894,Sid,Lorenz,slorenzot@ocn.ne.jp,Male,241.75.36.165,"€4,12"
895,Gaylord,Sturr,gsturrou@networkadvertising.org,Male,123.240.20.120,"€1,24"
896,Clarke,Ruslin,cruslinov@netvibes.com,Male,234.57.51.49,"€7,22"
897,Dulcinea,Ettels,dettelsow@nbcnews.com,Female,142.213.159.110,"€9,16"
898,Odille,Bellocht,obellochtox@merriam-webster.com,Female,192.68.113.8,"€7,90"
899,Renault,Stoeck,rstoeckoy@bizjournals.com,Male,232.219.89.36,"€8,85"
900,Saree,Leach,sleachoz@bbb.org,Female,202.134.222.85,"€2,19"
901,Abbey,Souter,asouterp0@t-online.de,Male,150.126.233.211,"€3,61"
902,Lottie,Glandfield,lglandfieldp1@plala.or.jp,Female,142.83.25.90,"€3,95"
903,Gerhardt,Rosenhaupt,grosenhauptp2@shutterfly.com,Male,59.231.132.199,"€6,89"
904,Natassia,McCoughan,nmccoughanp3@vkontakte.ru,Female,47.79.184.164,"€8,46"
905,Blancha,Vivash,bvivashp4@so-net.ne.jp,Female,238.88.229.199,"€3,02"
906,Sarette,Slocket,sslocketp5@dell.com,Female,213.156.83.109,"€1,73"
907,Svend,Bostick,sbostickp6@icq.com,Male,239.170.252.252,"€5,12"
908,Orran,Siseland,osiselandp7@github.com,Male,104.38.26.116,"€4,27"
909,Garrott,Southwood,gsouthwoodp8@dagondesign.com,Male,103.52.125.4,"€8,22"
910,Dasi,Boni,dbonip9@nps.gov,Female,81.144.128.79,"€7,44"
911,Guthry,Cristofvao,gcristofvaopa@alibaba.com,Male,138.123.74.230,"€3,52"
912,Bessy,Leahey,bleaheypb@bravesites.com,Female,69.177.124.51,"€1,06"
913,Minette,Treacy,mtreacypc@amazon.com,Female,99.210.9.212,"€9,71"
914,Luke,Kovalski,lkovalskipd@oracle.com,Male,18.82.118.191,"€1,35"
915,Darbee,Hursey,dhurseype@tinypic.com,Male,158.109.250.131,"€2,13"
916,Sherlocke,Monksfield,smonksfieldpf@barnesandnoble.com,Male,130.116.205.182,"€6,31"
917,Kirsti,Wilbor,kwilborpg@nasa.gov,Female,72.43.121.149,"€1,24"
918,Lorain,Arnolds,larnoldsph@wikimedia.org,Female,135.108.155.168,"€4,01"
919,Sayre,MacDowall,smacdowallpi@netscape.com,Female,230.166.187.221,"€8,21"
920,Dotty,Torrie,dtorriepj@va.gov,Female,15.6.93.220,"€7,98"
921,Mahmud,Mothersole,mmothersolepk@topsy.com,Male,137.17.40.116,"€6,77"
922,Antonius,Weightman,aweightmanpl@biglobe.ne.jp,Male,43.22.204.173,"€7,46"
923,Stanwood,Dutnell,sdutnellpm@addthis.com,Male,207.27.17.126,"€9,42"
924,Kristoforo,Wilsdon,kwilsdonpn@gmpg.org,Male,20.76.189.74,"€6,33"
925,Mayor,Jager,mjagerpo@trellian.com,Male,171.33.19.252,"€5,39"
926,Hymie,Grishagin,hgrishaginpp@google.com.br,Male,42.242.35.195,"€9,71"
927,Nedi,Drife,ndrifepq@nyu.edu,Female,62.209.49.90,"€8,32"
928,Darryl,Muggeridge,dmuggeridgepr@goodreads.com,Female,97.157.190.64,"€2,18"
929,Lorin,Trethewey,ltretheweyps@altervista.org,Male,190.181.221.33,"€7,05"
930,Engracia,Milvarnie,emilvarniept@imdb.com,Female,119.184.158.111,"€9,98"
931,Iris,Pol,ipolpu@unc.edu,Female,110.21.170.119,"€0,45"
932,Mallory,Trudgion,mtrudgionpv@canalblog.com,Male,251.179.119.125,"€2,13"
933,Mozelle,Yesinin,myesininpw@blogs.com,Female,75.20.192.120,"€2,28"
934,Gabriele,Norcott,gnorcottpx@devhub.com,Male,174.74.0.3,"€9,80"
935,Jamison,Denisot,jdenisotpy@patch.com,Male,214.39.207.74,"€6,46"
936,Crystal,Ismay,cismaypz@slate.com,Female,112.5.228.99,"€7,97"
937,Mar,Winson,mwinsonq0@1688.com,Male,39.245.72.99,"€2,79"
938,Lay,Letcher,lletcherq1@cafepress.com,Male,222.231.224.162,"€0,48"
939,Graham,Pinckney,gpinckneyq2@feedburner.com,Male,104.46.229.135,"€7,18"
940,Mohandas,Late,mlateq3@scribd.com,Male,131.117.42.220,"€2,53"
941,Verena,Ungerecht,vungerechtq4@shop-pro.jp,Female,20.51.237.121,"€6,86"
942,Eden,Cawley,ecawleyq5@nasa.gov,Female,186.254.86.180,"€6,92"
943,Prince,Sawter,psawterq6@google.fr,Male,55.200.5.4,"€4,64"
944,Thomas,Goldstone,tgoldstoneq7@hibu.com,Male,221.165.20.33,"€6,28"
945,Iggie,Bancroft,ibancroftq8@yahoo.com,Male,166.234.148.126,"€8,89"
946,Erik,Probbing,eprobbingq9@drupal.org,Male,85.34.22.84,"€5,21"
947,Britni,Le Brun,blebrunqa@va.gov,Female,157.5.17.94,"€1,48"
948,Rafa,Bouts,rboutsqb@newyorker.com,Female,32.155.57.94,"€3,18"
949,Lazaro,Knappen,lknappenqc@arstechnica.com,Male,15.253.24.206,"€0,83"
950,Gerhardine,Ventris,gventrisqd@thetimes.co.uk,Female,124.164.139.133,"€3,89"
951,Torey,Georg,tgeorgqe@ebay.co.uk,Male,201.53.131.213,"€9,55"
952,Kordula,Inmett,kinmettqf@symantec.com,Female,42.236.239.183,"€8,91"
953,Filia,Southerton,fsouthertonqg@ft.com,Female,123.47.176.34,"€1,64"
954,Bunnie,Mazdon,bmazdonqh@goodreads.com,Female,242.21.34.136,"€8,14"
955,Henriette,Woan,hwoanqi@tuttocitta.it,Female,201.95.236.155,"€7,44"
956,Winona,Hunston,whunstonqj@hud.gov,Female,210.107.147.221,"€7,60"
957,Karena,Woan,kwoanqk@dailymail.co.uk,Female,98.218.133.209,"€9,30"
958,Elisa,Swansbury,eswansburyql@china.com.cn,Female,163.220.68.97,"€4,92"
959,Malchy,McConnal,mmcconnalqm@godaddy.com,Male,122.225.37.177,"€3,26"
960,Luigi,McGowan,lmcgowanqn@skyrock.com,Male,112.174.72.133,"€2,19"
961,Lilyan,Hurne,lhurneqo@ft.com,Female,251.91.88.187,"€0,73"
962,Lorene,De Angelo,ldeangeloqp@theguardian.com,Female,77.188.181.66,"€2,09"
963,Chuck,MacAnespie,cmacanespieqq@scribd.com,Male,85.253.179.154,"€2,18"
964,Robers,Holhouse,rholhouseqr@mapy.cz,Male,142.172.234.16,"€0,66"
965,Alexandros,Cathie,acathieqs@constantcontact.com,Male,42.247.3.199,"€9,14"
966,Armando,Ingolotti,aingolottiqt@reference.com,Male,183.214.190.60,"€7,64"
967,Leonidas,Kneaphsey,lkneaphseyqu@acquirethisname.com,Male,153.46.134.238,"€9,82"
968,Jemima,Slater,jslaterqv@exblog.jp,Female,242.122.55.23,"€0,40"
969,Ruthie,Gear,rgearqw@csmonitor.com,Female,2.3.9.57,"€8,56"
970,Aarika,Ruck,aruckqx@netlog.com,Female,87.230.41.108,"€2,16"
971,Aubrette,McCluskey,amccluskeyqy@constantcontact.com,Female,32.213.190.37,"€7,35"
972,Melinde,Paddon,mpaddonqz@opera.com,Female,169.121.220.149,"€6,48"
973,Rodge,Antat,rantatr0@alexa.com,Male,56.147.83.120,"€8,43"
974,Normand,Keave,nkeaver1@google.es,Male,240.178.222.39,"€0,39"
975,Jamison,Yashunin,jyashuninr2@mysql.com,Male,185.22.84.134,"€5,10"
976,Davy,Samme,dsammer3@ucoz.com,Male,4.5.68.151,"€2,35"
977,Yolanthe,Lodder,ylodderr4@ebay.com,Female,62.2.115.228,"€6,25"
978,Percival,Hischke,phischker5@weebly.com,Male,201.141.197.239,"€1,09"
979,Carla,Frend,cfrendr6@webs.com,Female,210.131.231.81,"€2,46"
980,Caryl,Healks,chealksr7@geocities.jp,Male,116.244.39.37,"€0,62"
981,Ardyce,Gomes,agomesr8@webs.com,Female,212.64.126.91,"€2,76"
982,Kania,Epine,kepiner9@engadget.com,Female,51.20.183.122,"€4,82"
983,Callean,Drakers,cdrakersra@reverbnation.com,Male,229.211.139.164,"€5,04"
984,Dwayne,Shadrack,dshadrackrb@guardian.co.uk,Male,68.156.161.166,"€1,19"
985,Josepha,Gerold,jgeroldrc@fema.gov,Female,7.207.6.63,"€5,21"
986,Pembroke,MacGorley,pmacgorleyrd@bbc.co.uk,Male,228.2.125.249,"€1,42"
987,Gabrielle,Purves,gpurvesre@weebly.com,Female,142.25.57.65,"€2,46"
988,Randie,Rubi,rrubirf@redcross.org,Female,217.3.151.4,"€4,84"
989,Shelbi,Capey,scapeyrg@tripadvisor.com,Female,38.88.130.27,"€9,59"
990,Delmore,Barnwille,dbarnwillerh@ifeng.com,Male,73.127.202.58,"€9,03"
991,Constancia,August,caugustri@bbc.co.uk,Female,235.141.145.39,"€0,43"
992,Tressa,Bonn,tbonnrj@whitehouse.gov,Female,198.68.163.241,"€9,29"
993,Berkley,Noto,bnotork@arstechnica.com,Male,144.143.169.193,"€1,37"
994,Sheilakathryn,Argabrite,sargabriterl@blogtalkradio.com,Female,14.19.39.56,"€3,28"
995,Chase,Jerke,cjerkerm@phpbb.com,Male,36.122.218.112,"€2,60"
996,Armando,Warman,awarmanrn@quantcast.com,Male,34.35.118.75,"€0,60"
997,Hedwiga,Oldacres,holdacresro@nhs.uk,Female,139.164.119.35,"€5,25"
998,Collete,Fellon,cfellonrp@accuweather.com,Female,55.63.131.43,"€7,08"
999,Andrey,Johann,ajohannrq@bizjournals.com,Male,93.124.49.48,"€2,97"
1000,Rodolphe,Kerley,rkerleyrr@smugmug.com,Male,172.148.193.63,"€2,19"
