id,first_name,last_name,email,gender,ip_address,debt
1,Mariquilla,Longcaster,mlongcaster0@wix.com,Female,17.181.242.189,"€1,40"
2,Sally,Happel,shappel1@hao123.com,Female,89.202.3.230,"€9,81"
3,Gawen,Krystek,gkrystek2@cbslocal.com,Male,237.101.12.222,"€9,00"
4,Gregor,Tankin,gtankin3@blogspot.com,Male,173.41.174.31,"€5,50"
5,Cyndi,Dipple,cdipple4@bloomberg.com,Female,157.121.202.42,"€9,10"
6,Holt,Wilkie,hwilkie5@multiply.com,Male,109.94.66.181,"€1,81"
7,Ailbert,Clarricoates,aclarricoates6@slate.com,Male,88.213.203.204,"€7,49"
8,Fabian,Dymick,fdymick7@java.com,Male,230.19.213.34,"€5,58"
9,Amie,Spaice,aspaice8@ibm.com,Female,119.190.173.47,"€3,05"
10,Elsey,Pidduck,epidduck9@fc2.com,Female,202.150.194.47,"€6,16"
11,Rosemaria,Lipmann,rlipmanna@businesswire.com,Female,34.174.146.247,"€2,83"
12,Chickie,Bohl,cbohlb@reddit.com,Female,181.167.135.160,"€3,86"
13,Julissa,Kubas,jkubasc@example.com,Female,59.148.65.155,"€9,57"
14,Quinn,Vido,qvidod@salon.com,Female,144.180.227.212,"€6,14"
15,Amber,Labbez,alabbeze@mysql.com,Female,158.115.195.141,"€1,69"
16,Pen,Suggett,psuggettf@acquirethisname.com,Female,241.76.35.236,"€9,92"
17,Kaylyn,Crone,kcroneg@mashable.com,Female,43.80.107.31,"€5,21"
18,Robinet,Coule,rcouleh@economist.com,Female,16.169.118.105,"€2,92"
19,Chip,Hewertson,chewertsoni@china.com.cn,Male,198.139.147.181,"€7,93"
20,Boyd,Carson,bcarsonj@stanford.edu,Male,119.190.73.227,"€0,43"
21,Grady,Billanie,gbillaniek@slate.com,Male,218.178.99.25,"€7,52"
22,Adolphus,Cavy,acavyl@netscape.com,Male,13.215.77.238,"€4,25"
23,Phillis,Reynault,preynaultm@jimdo.com,Female,244.23.84.86,"€1,76"
24,Ignacio,Cornbill,icornbilln@quantcast.com,Male,207.58.102.53,"€9,42"
25,Winfield,Giacobini,wgiacobinio@cpanel.net,Male,56.21.151.14,"€6,17"
26,Erica,Pendleton,ependletonp@printfriendly.com,Female,90.198.33.25,"€0,86"
27,Tandie,Loughrey,tloughreyq@nhs.uk,Female,171.255.17.194,"€7,28"
28,Cordula,Keizman,ckeizmanr@technorati.com,Female,118.170.90.183,"€3,39"
29,Julee,Kneller,jknellers@scientificamerican.com,Female,181.213.190.217,"€1,59"
30,Chevy,Hart,chartt@narod.ru,Male,131.242.254.177,"€6,52"
31,Erinn,Imort,eimortu@independent.co.uk,Female,116.132.249.245,"€2,79"
32,Talbert,Haydon,thaydonv@java.com,Male,206.121.181.112,"€3,93"
33,Dell,Deme,ddemew@1und1.de,Female,133.228.219.189,"€4,89"
34,Ag,Ilyinykh,ailyinykhx@multiply.com,Female,222.42.183.6,"€1,82"
35,Armand,Bartelot,abarteloty@diigo.com,Male,123.15.15.27,"€6,28"
36,Fanya,Luggar,fluggarz@bing.com,Female,3.77.204.91,"€4,78"
37,Marco,Van der Mark,mvandermark10@jigsy.com,Male,174.4.215.161,"€4,24"
38,Britte,Strangeways,bstrangeways11@nhs.uk,Female,233.72.221.4,"€3,30"
39,Siegfried,Serot,sserot12@answers.com,Male,36.83.194.55,"€3,26"
40,Chrysler,Brownbridge,cbrownbridge13@answers.com,Female,122.23.177.149,"€7,86"
41,Rodolphe,Attew,rattew14@friendfeed.com,Male,67.92.5.1,"€0,83"
42,Wake,Binney,wbinney15@google.pl,Male,66.254.2.204,"€7,75"
43,Germayne,Gilham,ggilham16@posterous.com,Male,214.54.111.118,"€8,21"
44,Kennett,Huerta,khuerta17@fda.gov,Male,225.13.86.58,"€3,48"
45,Oren,Draayer,odraayer18@over-blog.com,Male,198.90.15.201,"€9,75"
46,Berri,Gowman,bgowman19@nbcnews.com,Female,181.106.46.181,"€4,14"
47,Dallas,Undrill,dundrill1a@illinois.edu,Female,236.103.155.95,"€7,43"
48,Burl,Yarrow,byarrow1b@youtu.be,Male,111.98.224.198,"€5,85"
49,Sheff,Normanvill,snormanvill1c@baidu.com,Male,233.224.188.205,"€9,41"
50,Lily,McGeagh,lmcgeagh1d@reddit.com,Female,163.32.55.0,"€4,68"
51,Lukas,Pillinger,lpillinger1e@opera.com,Male,90.195.169.67,"€4,82"
52,Ashia,Rehn,arehn1f@si.edu,Female,71.43.97.175,"€2,95"
53,Rafi,Popeley,rpopeley1g@sciencedaily.com,Male,143.221.0.70,"€0,60"
54,Janek,Filasov,jfilasov1h@posterous.com,Male,51.169.224.87,"€7,87"
55,Shepperd,Affron,saffron1i@google.it,Male,227.46.193.164,"€9,73"
56,Raymond,Broggetti,rbroggetti1j@technorati.com,Male,126.93.80.239,"€1,02"
57,Alejandra,Long,along1k@boston.com,Female,48.117.79.210,"€3,33"
58,Dud,Shark,dshark1l@webs.com,Male,133.79.91.247,"€6,04"
59,Juana,Silk,jsilk1m@webnode.com,Female,165.129.105.170,"€1,73"
60,Florencia,Tilio,ftilio1n@quantcast.com,Female,95.244.105.185,"€2,00"
61,Cosmo,Holworth,cholworth1o@taobao.com,Male,3.151.115.178,"€7,43"
62,Betty,Kenefick,bkenefick1p@deliciousdays.com,Female,181.89.141.230,"€5,88"
63,Chane,Gillbey,cgillbey1q@ask.com,Male,48.213.164.51,"€6,79"
64,Gun,Pass,gpass1r@canalblog.com,Male,187.203.14.150,"€3,97"
65,Guthrie,Childe,gchilde1s@nsw.gov.au,Male,226.160.170.203,"€2,17"
66,Jake,Isabell,jisabell1t@psu.edu,Male,48.100.169.6,"€3,36"
67,Andi,Lammertz,alammertz1u@cpanel.net,Female,79.131.56.210,"€8,14"
68,Alecia,Urey,aurey1v@ow.ly,Female,179.239.161.240,"€2,62"
69,Juan,Gunthorp,jgunthorp1w@wikispaces.com,Male,203.118.144.63,"€3,62"
70,Anton,Hewins,ahewins1x@utexas.edu,Male,153.208.17.206,"€2,42"
71,Tova,Fairs,tfairs1y@disqus.com,Female,232.228.237.241,"€0,97"
72,Ezri,Ionnidis,eionnidis1z@stumbleupon.com,Male,110.191.53.200,"€5,09"
73,Damien,Banasiak,dbanasiak20@ustream.tv,Male,184.225.114.123,"€1,84"
74,Finley,Casemore,fcasemore21@ezinearticles.com,Male,136.25.105.48,"€4,17"
75,Birk,Kenworth,bkenworth22@1und1.de,Male,89.83.118.20,"€9,33"
76,Kristen,Bramham,kbramham23@cargocollective.com,Female,178.40.138.131,"€4,70"
77,Lydon,Sorrie,lsorrie24@washington.edu,Male,234.27.131.138,"€0,12"
78,Mommy,Bamblett,mbamblett25@example.com,Female,120.185.245.100,"€4,34"
79,Demeter,Halhead,dhalhead26@illinois.edu,Female,12.182.233.110,"€1,68"
80,Gino,Toon,gtoon27@tumblr.com,Male,30.175.176.36,"€2,62"
81,Yorke,Tash,ytash28@nih.gov,Male,253.138.73.233,"€1,28"
82,Shaylynn,Loreit,sloreit29@cbsnews.com,Female,194.198.85.20,"€6,96"
83,Wilburt,Nudde,wnudde2a@census.gov,Male,43.92.158.209,"€3,92"
84,Sapphire,Greenin,sgreenin2b@usgs.gov,Female,164.162.102.185,"€1,14"
85,Kellyann,O'Lehane,kolehane2c@hugedomains.com,Female,187.44.79.33,"€5,32"
86,Doy,Wayland,dwayland2d@google.com.hk,Male,69.82.203.96,"€9,05"
87,Drusy,Comfort,dcomfort2e@jiathis.com,Female,0.233.81.148,"€9,66"
88,Joseito,Shoubridge,jshoubridge2f@berkeley.edu,Male,171.29.34.84,"€8,70"
89,Chandler,Berston,cberston2g@google.fr,Male,83.75.125.164,"€5,87"
90,Rebecca,D'Costa,rdcosta2h@vistaprint.com,Female,25.52.68.57,"€8,36"
91,Douglass,Oxtiby,doxtiby2i@ucoz.com,Male,188.15.67.63,"€5,13"
92,Breanne,Gowland,bgowland2j@yahoo.co.jp,Female,186.225.60.69,"€0,44"
93,Helsa,Garforth,hgarforth2k@simplemachines.org,Female,175.135.141.16,"€1,94"
94,Cathe,Barcke,cbarcke2l@sourceforge.net,Female,199.151.131.33,"€4,00"
95,Moise,Tincey,mtincey2m@weebly.com,Male,223.13.193.241,"€8,98"
96,Dedra,Banting,dbanting2n@weebly.com,Female,155.140.165.36,"€3,87"
97,Loralyn,Derell,lderell2o@fda.gov,Female,20.173.11.43,"€9,74"
98,Anatola,Nickolls,anickolls2p@geocities.com,Female,122.27.205.17,"€2,38"
99,Branden,Newby,bnewby2q@usatoday.com,Male,74.213.191.70,"€1,18"
100,Skylar,Avramow,savramow2r@dropbox.com,Male,180.221.181.97,"€4,82"
101,Mufinella,Buckberry,mbuckberry2s@51.la,Female,128.122.172.126,"€0,79"
102,Noam,Bichard,nbichard2t@wikipedia.org,Male,14.86.80.114,"€2,75"
103,Roslyn,Portsmouth,rportsmouth2u@example.com,Female,3.215.39.222,"€8,59"
104,Kenn,Ruppertz,kruppertz2v@istockphoto.com,Male,224.23.64.151,"€2,43"
105,Shane,Faulkner,sfaulkner2w@cam.ac.uk,Male,72.59.246.47,"€5,70"
106,Jenica,Aleso,jaleso2x@mtv.com,Female,135.200.233.94,"€3,32"
107,Clarisse,Mack,cmack2y@facebook.com,Female,182.124.41.157,"€3,30"
108,Donielle,Rigate,drigate2z@vkontakte.ru,Female,163.40.243.226,"€4,81"
109,Yardley,Calltone,ycalltone30@opera.com,Male,46.78.75.127,"€9,76"
110,Carlynn,Marchent,cmarchent31@altervista.org,Female,35.13.42.140,"€0,12"
111,Kurt,Valentine,kvalentine32@printfriendly.com,Male,58.36.100.83,"€9,79"
112,Marsh,Fardell,mfardell33@about.me,Male,195.7.133.1,"€1,63"
113,Audrye,McGrirl,amcgrirl34@exblog.jp,Female,160.166.31.238,"€6,15"
114,Peirce,Ioannou,pioannou35@diigo.com,Male,189.119.233.30,"€6,24"
115,Mame,Heaselgrave,mheaselgrave36@newsvine.com,Female,213.159.205.64,"€7,01"
116,Ruthie,Daintree,rdaintree37@ucsd.edu,Female,229.76.20.165,"€9,89"
117,Edna,Westoll,ewestoll38@tripod.com,Female,21.13.214.195,"€9,51"
118,Dolly,Blose,dblose39@amazon.de,Female,24.197.25.41,"€7,45"
119,Randie,Thirlwall,rthirlwall3a@comcast.net,Female,192.154.211.89,"€1,19"
120,Karlee,Hilliam,khilliam3b@skyrock.com,Female,19.34.245.109,"€4,62"
121,Giavani,Neat,gneat3c@woothemes.com,Male,230.10.228.125,"€8,11"
122,Oliy,Goodfield,ogoodfield3d@discovery.com,Female,153.169.248.61,"€5,20"
123,Joseito,Shynn,jshynn3e@nba.com,Male,13.79.199.27,"€3,25"
124,Lyndel,Jozwik,ljozwik3f@gmpg.org,Female,160.29.80.147,"€0,20"
125,Sydelle,Fawlkes,sfawlkes3g@fda.gov,Female,52.45.109.33,"€4,90"
126,Abby,Spittal,aspittal3h@narod.ru,Female,202.120.149.149,"€7,38"
127,Rodina,Grave,rgrave3i@miitbeian.gov.cn,Female,119.58.164.64,"€7,14"
128,Hale,Chanter,hchanter3j@vimeo.com,Male,79.6.57.252,"€2,06"
129,Laurence,Scyone,lscyone3k@exblog.jp,Male,183.28.110.125,"€2,72"
130,Hetty,Sigsworth,hsigsworth3l@i2i.jp,Female,183.72.88.140,"€6,62"
131,Deanna,MacDougall,dmacdougall3m@plala.or.jp,Female,147.192.174.20,"€5,43"
132,Camellia,Downage,cdownage3n@illinois.edu,Female,67.180.245.37,"€3,18"
133,Markus,Scales,mscales3o@hhs.gov,Male,13.68.166.70,"€7,48"
134,Esme,Tedahl,etedahl3p@google.com.au,Female,21.120.146.135,"€1,81"
135,Willem,Gonsalvez,wgonsalvez3q@spiegel.de,Male,152.243.53.48,"€9,91"
136,Beaufort,Jouhan,bjouhan3r@who.int,Male,197.238.14.121,"€8,90"
137,Carlee,Gilman,cgilman3s@myspace.com,Female,167.162.174.133,"€2,57"
138,Joan,Kleinsinger,jkleinsinger3t@elpais.com,Female,102.94.25.139,"€9,33"
139,Casey,Gieves,cgieves3u@people.com.cn,Male,138.18.63.182,"€3,18"
140,Morganica,McDonnell,mmcdonnell3v@networkadvertising.org,Female,164.33.214.249,"€3,16"
141,Cherilynn,Batrick,cbatrick3w@washington.edu,Female,199.97.20.103,"€3,94"
142,Clement,Nice,cnice3x@blogs.com,Male,128.159.48.129,"€5,34"
143,Reiko,Grahame,rgrahame3y@webeden.co.uk,Female,48.153.119.173,"€8,19"
144,Woodrow,Mc Caughen,wmccaughen3z@last.fm,Male,105.17.8.249,"€3,23"
145,Evangelia,Shout,eshout40@ibm.com,Female,3.246.191.220,"€9,68"
146,Lynn,Shimony,lshimony41@webmd.com,Female,185.132.70.140,"€4,46"
147,Montgomery,Handrek,mhandrek42@apple.com,Male,146.201.62.51,"€9,03"
148,Georgie,Westhofer,gwesthofer43@china.com.cn,Female,42.192.106.101,"€0,55"
149,Carlina,Conn,cconn44@mlb.com,Female,250.155.16.116,"€0,77"
150,Ree,Kincey,rkincey45@topsy.com,Female,252.21.142.82,"€3,96"
151,Orran,Larsen,olarsen46@github.com,Male,221.175.148.79,"€5,01"
152,Jarid,Grim,jgrim47@apple.com,Male,83.73.4.168,"€2,66"
153,Benito,Kirlin,bkirlin48@php.net,Male,141.165.46.242,"€0,36"
154,Ursala,Blaxton,ublaxton49@senate.gov,Female,16.228.153.13,"€8,13"
155,Darice,McIlroy,dmcilroy4a@ted.com,Female,251.113.171.148,"€1,78"
156,Madison,Sposito,msposito4b@unicef.org,Male,114.129.220.162,"€8,18"
157,Brooke,Copping,bcopping4c@ifeng.com,Male,81.105.173.214,"€0,09"
158,Teodorico,Elfes,telfes4d@furl.net,Male,82.184.208.196,"€9,32"
159,Boris,Kennford,bkennford4e@mysql.com,Male,197.130.43.131,"€5,62"
160,Desiree,Dimitriev,ddimitriev4f@howstuffworks.com,Female,85.89.197.41,"€3,53"
161,Sophronia,Popescu,spopescu4g@miitbeian.gov.cn,Female,242.2.245.46,"€6,79"
162,Maye,Dullard,mdullard4h@comcast.net,Female,93.166.214.219,"€5,11"
163,Glendon,Lebbon,glebbon4i@marriott.com,Male,51.205.214.6,"€2,02"
164,Eden,Gennerich,egennerich4j@scientificamerican.com,Female,242.123.90.204,"€0,44"
165,Raychel,Headington,rheadington4k@seattletimes.com,Female,15.53.46.29,"€3,26"
166,Forest,Spellesy,fspellesy4l@moonfruit.com,Male,88.70.239.188,"€7,11"
167,Egan,Tinklin,etinklin4m@washington.edu,Male,99.193.89.102,"€4,07"
168,Ursula,Simionescu,usimionescu4n@shop-pro.jp,Female,100.133.30.174,"€2,11"
169,Ariadne,Lavers,alavers4o@icq.com,Female,119.19.103.234,"€6,69"
170,Ellsworth,Fursse,efursse4p@facebook.com,Male,136.88.135.237,"€4,79"
171,Rebekah,Wadham,rwadham4q@tripod.com,Female,185.132.169.84,"€6,13"
172,Fidela,McAuliffe,fmcauliffe4r@webnode.com,Female,117.113.169.107,"€6,62"
173,Darbee,Ales0,dales4s@mac.com,Male,148.16.227.114,"€1,83"
174,Osborn,Ayling,oayling4t@issuu.com,Male,110.165.24.130,"€2,11"
175,Earle,Tammadge,etammadge4u@indiegogo.com,Male,139.148.185.93,"€7,12"
176,Kippie,Melly,kmelly4v@dropbox.com,Female,250.187.29.202,"€0,70"
177,Alicia,Dessant,adessant4w@washington.edu,Female,93.197.111.31,"€8,49"
178,Roxana,Archibold,rarchibold4x@umich.edu,Female,198.174.187.74,"€9,34"
179,Tanhya,Squirrell,tsquirrell4y@domainmarket.com,Female,88.207.201.146,"€0,57"
180,Kenneth,Gorrick,kgorrick4z@canalblog.com,Male,110.179.71.191,"€7,36"
181,Granthem,Elwel,gelwel50@foxnews.com,Male,203.23.248.73,"€3,64"
182,Moshe,Matthaus,mmatthaus51@sbwire.com,Male,20.223.245.23,"€0,36"
183,Nollie,O'Hearn,nohearn52@feedburner.com,Male,171.174.104.135,"€5,09"
184,Rodrick,Daunter,rdaunter53@ted.com,Male,176.155.215.8,"€4,06"
185,Anabelle,Welch,awelch54@prlog.org,Female,227.213.20.250,"€1,23"
186,Andeee,MacKall,amackall55@aol.com,Female,3.190.237.166,"€8,51"
187,Sandie,Brass,sbrass56@fastcompany.com,Female,18.252.217.143,"€0,98"
188,Ainsley,Makeswell,amakeswell57@symantec.com,Female,45.145.126.117,"€1,97"
189,Ardys,O'Spillane,aospillane58@hibu.com,Female,27.13.199.104,"€4,87"
190,Berny,Gerrels,bgerrels59@google.pl,Male,239.126.226.30,"€3,52"
191,Tessy,Hartle,thartle5a@amazon.co.jp,Female,227.89.216.202,"€0,93"
192,Guido,De Laspee,gdelaspee5b@cbslocal.com,Male,252.51.95.220,"€8,12"
193,Evy,Harce,eharce5c@youku.com,Female,99.43.241.145,"€9,19"
194,Nicoli,Dickon,ndickon5d@sakura.ne.jp,Female,100.40.64.194,"€6,82"
195,Carter,Toun,ctoun5e@feedburner.com,Male,173.24.148.63,"€9,81"
196,Harrison,Whitnell,hwhitnell5f@addtoany.com,Male,223.151.240.184,"€0,62"
197,Waverly,Kleisel,wkleisel5g@upenn.edu,Male,158.112.141.82,"€0,66"
198,Puff,Sexstone,psexstone5h@nba.com,Male,63.228.61.75,"€4,76"
199,Chlo,Vanyushin,cvanyushin5i@boston.com,Female,216.140.83.205,"€7,35"
200,Fredi,Titherington,ftitherington5j@mashable.com,Female,74.67.39.141,"€7,66"
201,Ellissa,McLaggan,emclaggan5k@hubpages.com,Female,190.220.35.213,"€2,47"
202,Jane,Clampton,jclampton5l@psu.edu,Female,67.8.211.181,"€5,97"
203,Eugenio,Pindred,epindred5m@biblegateway.com,Male,69.176.189.86,"€7,27"
204,Lenette,Brookwood,lbrookwood5n@howstuffworks.com,Female,67.185.255.203,"€5,51"
205,Giustina,Tooth,gtooth5o@blinklist.com,Female,158.24.164.211,"€5,68"
206,Beckie,Fisbburne,bfisbburne5p@theguardian.com,Female,64.163.155.37,"€6,19"
207,Johnnie,Goodswen,jgoodswen5q@cbslocal.com,Male,196.109.60.218,"€7,01"
208,Engelbert,Yukhnev,eyukhnev5r@theguardian.com,Male,26.237.12.76,"€4,32"
209,Templeton,Millhouse,tmillhouse5s@lycos.com,Male,126.176.195.73,"€0,26"
210,Megen,Weitzel,mweitzel5t@mashable.com,Female,123.38.52.170,"€9,13"
211,Grata,Lambot,glambot5u@geocities.jp,Female,236.151.132.216,"€2,34"
212,Berta,Rhoades,brhoades5v@wix.com,Female,174.25.24.168,"€9,69"
213,Darin,Behneke,dbehneke5w@dell.com,Male,36.231.142.217,"€0,79"
214,Clerissa,Davidovits,cdavidovits5x@ftc.gov,Female,221.82.102.46,"€3,20"
215,Hyacintha,Beldum,hbeldum5y@si.edu,Female,181.234.92.83,"€9,23"
216,Loralee,Cattemull,lcattemull5z@huffingtonpost.com,Female,91.170.138.68,"€1,77"
217,Ashlin,Seaward,aseaward60@imageshack.us,Male,249.74.141.171,"€0,61"
218,Bryant,Stiebler,bstiebler61@dailymail.co.uk,Male,73.209.15.119,"€0,91"
219,Hastings,Malacrida,hmalacrida62@booking.com,Male,113.212.105.88,"€6,68"
220,Jedediah,Medlin,jmedlin63@google.es,Male,18.121.83.246,"€4,60"
221,Louisa,Reichert,lreichert64@hp.com,Female,148.173.204.160,"€8,39"
222,Doria,McDonogh,dmcdonogh65@1688.com,Female,30.191.144.144,"€0,35"
223,Elvina,Capon,ecapon66@addtoany.com,Female,244.143.86.89,"€4,63"
224,Wandie,Mogg,wmogg67@technorati.com,Female,130.76.88.204,"€9,09"
225,Viv,Hamber,vhamber68@furl.net,Female,231.113.153.35,"€0,94"
226,Emilee,Bunning,ebunning69@etsy.com,Female,124.95.214.72,"€0,76"
227,Trev,Braferton,tbraferton6a@de.vu,Male,26.223.115.5,"€6,72"
228,Bancroft,Tart,btart6b@unesco.org,Male,44.17.207.45,"€9,70"
229,Dominica,Willeson,dwilleson6c@prweb.com,Female,100.119.209.85,"€6,50"
230,Micheil,Maffioni,mmaffioni6d@twitpic.com,Male,94.89.106.137,"€6,65"
231,Maggie,Torrejon,mtorrejon6e@gmpg.org,Female,34.120.253.44,"€5,53"
232,Sergio,Demko,sdemko6f@trellian.com,Male,150.205.99.155,"€3,36"
233,Gerianna,Timoney,gtimoney6g@ft.com,Female,113.20.96.0,"€5,53"
234,Alec,Learmouth,alearmouth6h@utexas.edu,Male,217.39.55.145,"€2,26"
235,Eba,MacConnechie,emacconnechie6i@myspace.com,Female,75.205.204.248,"€8,83"
236,Prinz,Nuzzi,pnuzzi6j@eepurl.com,Male,68.152.79.177,"€4,16"
237,Sollie,Beville,sbeville6k@pbs.org,Male,3.78.31.76,"€5,36"
238,Cherrita,Rowling,crowling6l@amazon.co.jp,Female,227.190.23.126,"€3,60"
239,Zack,Spearett,zspearett6m@flavors.me,Male,119.88.27.38,"€7,85"
240,Carmelle,Chaloner,cchaloner6n@webs.com,Female,79.182.101.112,"€4,28"
241,Uriel,Adlard,uadlard6o@hostgator.com,Male,219.90.250.249,"€4,78"
242,Rudolfo,Roundtree,rroundtree6p@artisteer.com,Male,233.52.113.240,"€8,24"
243,Daryl,Reffe,dreffe6q@github.com,Male,121.16.238.253,"€1,64"
244,Stesha,Parsell,sparsell6r@webnode.com,Female,188.49.27.1,"€8,78"
245,Katuscha,Robardey,krobardey6s@amazonaws.com,Female,37.179.37.218,"€6,59"
246,Mae,Fludgate,mfludgate6t@bbc.co.uk,Female,95.246.105.50,"€8,56"
247,Kippy,Warbey,kwarbey6u@senate.gov,Female,8.81.42.85,"€1,17"
248,Jillian,Edelheit,jedelheit6v@wordpress.com,Female,120.134.238.42,"€9,01"
249,Janine,Bernollet,jbernollet6w@mit.edu,Female,186.123.159.58,"€1,17"
250,Brooke,Sheldrick,bsheldrick6x@wisc.edu,Female,72.240.219.40,"€3,35"
251,Eleni,MacGuffie,emacguffie6y@census.gov,Female,12.157.49.14,"€0,00"
252,Lucie,Magson,lmagson6z@surveymonkey.com,Female,96.244.15.116,"€7,26"
253,Mirabelle,Gyles,mgyles70@squidoo.com,Female,228.159.212.221,"€3,42"
254,Boone,Hooban,bhooban71@yellowpages.com,Male,4.84.173.40,"€3,63"
255,Lorrie,Heims,lheims72@cnbc.com,Male,197.244.152.231,"€5,97"
256,Olimpia,Moncey,omoncey73@businessweek.com,Female,216.143.92.201,"€3,26"
257,Benjy,Schubuser,bschubuser74@studiopress.com,Male,146.105.25.211,"€5,90"
258,Leonora,Lloyds,llloyds75@tiny.cc,Female,6.128.213.223,"€7,00"
259,Rustie,Bellis,rbellis76@blogspot.com,Male,158.58.151.94,"€4,07"
260,Paxton,Tommeo,ptommeo77@who.int,Male,56.253.253.94,"€5,61"
261,Brooke,Speck,bspeck78@weebly.com,Female,196.131.21.103,"€4,30"
262,Kirstyn,Dowsey,kdowsey79@wunderground.com,Female,204.13.69.235,"€2,53"
263,Harmony,Havers,hhavers7a@printfriendly.com,Female,196.252.64.72,"€7,46"
264,Nealson,Rounsefull,nrounsefull7b@diigo.com,Male,184.213.67.148,"€2,57"
265,Marv,Malham,mmalham7c@utexas.edu,Male,99.160.54.186,"€3,88"
266,Meridith,Van der Hoeven,mvanderhoeven7d@geocities.jp,Female,115.98.30.183,"€6,79"
267,Rollins,Gawkes,rgawkes7e@bandcamp.com,Male,142.47.7.238,"€0,87"
268,Rodd,Bigg,rbigg7f@opera.com,Male,102.88.83.30,"€1,05"
269,Chrystel,Briers,cbriers7g@scientificamerican.com,Female,147.99.138.170,"€7,82"
270,Vernor,Cockle,vcockle7h@yandex.ru,Male,233.34.224.163,"€1,98"
271,Cyrille,Westmorland,cwestmorland7i@1und1.de,Male,247.41.23.151,"€7,84"
272,Mylo,Poleykett,mpoleykett7j@biblegateway.com,Male,241.139.124.127,"€4,48"
273,Misty,Fellowes,mfellowes7k@yale.edu,Female,190.23.230.240,"€0,18"
274,Beverlee,Madders,bmadders7l@usa.gov,Female,1.161.80.10,"€5,18"
275,Laurella,Cud,lcud7m@pinterest.com,Female,113.45.10.37,"€4,75"
276,Giulietta,Houdmont,ghoudmont7n@homestead.com,Female,225.114.234.187,"€2,02"
277,Manny,Buy,mbuy7o@google.de,Male,65.39.116.110,"€8,82"
278,Grayce,Sames,gsames7p@phoca.cz,Female,225.222.251.142,"€2,28"
279,Shep,Blunkett,sblunkett7q@kickstarter.com,Male,223.41.194.211,"€3,50"
280,Sadie,Fouracres,sfouracres7r@nhs.uk,Female,133.40.35.179,"€6,46"
281,Shandie,Lemarie,slemarie7s@about.com,Female,3.205.219.106,"€2,04"
282,Britte,Riddoch,briddoch7t@so-net.ne.jp,Female,231.251.165.48,"€0,77"
283,Reinhard,Klais,rklais7u@miitbeian.gov.cn,Male,171.35.48.105,"€3,82"
284,Tull,Yon,tyon7v@nbcnews.com,Male,251.215.158.245,"€7,44"
285,Karilynn,Bewlie,kbewlie7w@un.org,Female,91.37.95.74,"€9,50"
286,Penelope,Kinker,pkinker7x@liveinternet.ru,Female,24.24.245.209,"€5,08"
287,Mireille,Gaymer,mgaymer7y@chron.com,Female,40.146.63.87,"€5,73"
288,Yalonda,Arnout,yarnout7z@si.edu,Female,158.139.185.58,"€2,81"
289,Urson,Roskrug,uroskrug80@ustream.tv,Male,51.135.231.111,"€2,34"
290,Curry,Kedslie,ckedslie81@live.com,Male,78.196.142.230,"€1,85"
291,Randolf,Tibbles,rtibbles82@senate.gov,Male,76.139.143.155,"€4,30"
292,Elsi,Nancekivell,enancekivell83@seesaa.net,Female,124.47.149.131,"€1,91"
293,Gal,Giraudou,ggiraudou84@marriott.com,Male,252.8.215.89,"€9,72"
294,Artur,Corris,acorris85@g.co,Male,213.157.154.97,"€1,32"
295,Ingmar,Keatley,ikeatley86@cnbc.com,Male,69.57.177.152,"€1,70"
296,Casie,Brisson,cbrisson87@sina.com.cn,Female,88.23.39.31,"€8,36"
297,Gweneth,Torre,gtorre88@slashdot.org,Female,134.242.86.221,"€6,86"
298,Cathy,Lilloe,clilloe89@slashdot.org,Female,23.149.160.170,"€3,99"
299,Camille,Meeking,cmeeking8a@umich.edu,Female,235.196.124.220,"€8,26"
300,Isaiah,Burgin,iburgin8b@reuters.com,Male,69.242.160.204,"€2,00"
301,Adrianne,Lehrian,alehrian8c@jimdo.com,Female,131.166.224.21,"€9,52"
302,Oona,Huyton,ohuyton8d@nature.com,Female,86.39.210.195,"€7,40"
303,Hollyanne,Varndell,hvarndell8e@edublogs.org,Female,228.107.243.202,"€0,19"
304,Cart,Pantin,cpantin8f@bigcartel.com,Male,63.184.45.105,"€5,12"
305,Ashlie,Squirrel,asquirrel8g@ifeng.com,Female,42.200.91.42,"€7,90"
306,Killian,Chrystal,kchrystal8h@biblegateway.com,Male,153.220.42.191,"€7,31"
307,Edee,Barnett,ebarnett8i@umn.edu,Female,67.138.52.101,"€1,93"
308,Granny,Chazelas,gchazelas8j@psu.edu,Male,80.7.150.50,"€0,02"
309,Sid,Ride,sride8k@jimdo.com,Male,18.229.250.102,"€6,11"
310,Guss,Dale,gdale8l@chicagotribune.com,Male,155.202.9.145,"€5,82"
311,Marj,Veld,mveld8m@princeton.edu,Female,169.24.5.157,"€6,84"
312,Marietta,Riepl,mriepl8n@ocn.ne.jp,Female,247.168.89.206,"€8,75"
313,Levy,Batchelar,lbatchelar8o@yahoo.co.jp,Male,39.135.194.177,"€4,06"
314,Linnell,Ccomini,lccomini8p@liveinternet.ru,Female,232.148.104.252,"€8,47"
315,Sigismundo,Wissbey,swissbey8q@blogger.com,Male,224.103.14.212,"€0,34"
316,Regan,Orum,rorum8r@nasa.gov,Female,213.142.249.108,"€8,35"
317,Martica,Nassey,mnassey8s@omniture.com,Female,176.56.17.217,"€9,47"
318,Deloria,Stille,dstille8t@mapy.cz,Female,220.73.193.44,"€8,22"
319,Nannie,Flegg,nflegg8u@sfgate.com,Female,47.252.86.188,"€4,82"
320,Edan,Mercer,emercer8v@cbc.ca,Male,177.179.90.170,"€3,55"
321,Alvinia,Isakovitch,aisakovitch8w@tumblr.com,Female,241.155.57.71,"€3,37"
322,Chelsey,Drescher,cdrescher8x@spiegel.de,Female,159.85.65.233,"€1,19"
323,Dalton,Eales,deales8y@fda.gov,Male,113.24.229.96,"€6,35"
324,Randy,Mustard,rmustard8z@mapquest.com,Female,254.151.117.99,"€2,89"
325,Nathan,Christon,nchriston90@kickstarter.com,Male,3.250.224.65,"€6,01"
326,Betsey,Brugman,bbrugman91@bizjournals.com,Female,141.21.83.190,"€8,51"
327,Amelie,Plewman,aplewman92@sourceforge.net,Female,96.199.90.70,"€5,57"
328,Roby,Muzzini,rmuzzini93@unc.edu,Female,84.117.235.111,"€8,42"
329,Toddie,Witherington,twitherington94@infoseek.co.jp,Male,133.251.203.161,"€4,78"
330,Anthia,Thirst,athirst95@shinystat.com,Female,109.80.228.17,"€4,73"
331,Robbie,Sesons,rsesons96@usnews.com,Male,16.127.88.207,"€0,97"
332,Shep,Stellino,sstellino97@loc.gov,Male,247.21.93.102,"€4,47"
333,Nikolaos,Paffot,npaffot98@networkadvertising.org,Male,20.166.167.85,"€7,97"
334,Delaney,Wymer,dwymer99@prnewswire.com,Male,142.152.125.38,"€6,96"
335,Edin,I'anson,eianson9a@hc360.com,Female,3.253.156.129,"€0,99"
336,Syman,Foxall,sfoxall9b@marketwatch.com,Male,240.62.155.219,"€4,35"
337,Carey,Saundercock,csaundercock9c@liveinternet.ru,Male,213.79.42.121,"€8,66"
338,Elisabetta,Breit,ebreit9d@sciencedirect.com,Female,93.44.134.110,"€7,44"
339,Joseito,Skingley,jskingley9e@pinterest.com,Male,9.167.73.3,"€3,42"
340,Brigida,Scardifield,bscardifield9f@themeforest.net,Female,166.140.136.42,"€5,99"
341,Alia,Aldridge,aaldridge9g@youtube.com,Female,75.154.239.26,"€6,32"
342,Joelie,Rapsey,jrapsey9h@networkadvertising.org,Female,176.230.181.175,"€7,39"
343,Ekaterina,Castledine,ecastledine9i@yelp.com,Female,204.246.249.160,"€8,70"
344,Alwin,Neaverson,aneaverson9j@youtube.com,Male,216.157.26.215,"€7,83"
345,Heloise,Doward,hdoward9k@yellowpages.com,Female,200.123.39.44,"€0,64"
346,Enriqueta,Bothams,ebothams9l@fema.gov,Female,199.138.64.214,"€3,48"
347,Charisse,Grzes,cgrzes9m@vistaprint.com,Female,205.41.94.199,"€6,06"
348,Lazaro,McGeorge,lmcgeorge9n@smh.com.au,Male,94.105.89.247,"€1,43"
349,Taryn,Vogelein,tvogelein9o@cnet.com,Female,216.95.42.139,"€3,68"
350,Bonnie,Howorth,bhoworth9p@joomla.org,Female,21.131.163.172,"€5,36"
351,Sinclair,Whaplington,swhaplington9q@sfgate.com,Male,96.69.8.88,"€2,31"
352,Lorin,Muskett,lmuskett9r@t.co,Male,234.159.156.66,"€9,67"
353,Patin,MacWhan,pmacwhan9s@europa.eu,Male,212.115.223.8,"€3,84"
354,Hinda,Taplin,htaplin9t@soundcloud.com,Female,28.93.135.150,"€6,55"
355,Alex,Ghirardi,aghirardi9u@live.com,Male,230.104.31.79,"€6,46"
356,Charyl,Strathman,cstrathman9v@scientificamerican.com,Female,154.231.48.122,"€7,45"
357,Feodor,Forre,fforre9w@cbslocal.com,Male,66.85.37.24,"€8,43"
358,Ethelind,Newton,enewton9x@tripadvisor.com,Female,122.146.75.101,"€5,91"
359,Gaspar,Ebbens,gebbens9y@1688.com,Male,77.44.103.114,"€8,26"
360,Shawn,Castagna,scastagna9z@apache.org,Male,179.140.247.176,"€1,16"
361,Ibby,Ralfe,iralfea0@t.co,Female,218.38.23.174,"€5,18"
362,Abey,Mobberley,amobberleya1@webs.com,Male,117.240.164.61,"€4,82"
363,Clary,Spoole,cspoolea2@posterous.com,Female,125.133.75.208,"€6,21"
364,Curtis,Merman,cmermana3@cloudflare.com,Male,192.196.219.127,"€8,52"
365,Jilleen,Tarbatt,jtarbatta4@123-reg.co.uk,Female,18.26.30.38,"€7,87"
366,Jens,Pablo,jpabloa5@vk.com,Male,61.107.216.224,"€7,01"
367,Any,Butterley,abutterleya6@imageshack.us,Male,3.85.120.148,"€8,58"
368,Melisenda,Wearne,mwearnea7@gmpg.org,Female,3.126.130.158,"€7,17"
369,Eduardo,Schultz,eschultza8@marriott.com,Male,54.57.147.123,"€6,84"
370,Donall,Blunsum,dblunsuma9@prweb.com,Male,74.107.186.166,"€5,35"
371,Lira,Le Grice,llegriceaa@geocities.com,Female,113.222.1.80,"€8,87"
372,Evangeline,Lambrecht,elambrechtab@fda.gov,Female,204.152.232.184,"€7,85"
373,Eartha,Withrington,ewithringtonac@salon.com,Female,121.26.86.145,"€4,41"
374,Marybelle,Signoret,msignoretad@cbslocal.com,Female,60.35.182.91,"€6,12"
375,Zach,Lammie,zlammieae@fastcompany.com,Male,118.131.84.15,"€4,36"
376,Farlie,Verner,fverneraf@addthis.com,Male,70.75.240.194,"€8,78"
377,Kristy,Lafferty,klaffertyag@dropbox.com,Female,47.131.195.237,"€4,07"
378,Mollie,Smiths,msmithsah@about.com,Female,162.202.254.167,"€9,11"
379,Janaya,Chewter,jchewterai@is.gd,Female,128.203.203.173,"€4,79"
380,Andie,Campanelle,acampanelleaj@newsvine.com,Female,26.1.87.224,"€1,02"
381,Grace,Marcus,gmarcusak@ning.com,Male,144.245.202.167,"€8,96"
382,Trey,Joney,tjoneyal@last.fm,Male,238.122.172.189,"€9,49"
383,Gal,Delia,gdeliaam@google.es,Male,84.11.30.203,"€4,19"
384,Celisse,Crewdson,ccrewdsonan@usa.gov,Female,79.35.67.13,"€3,93"
385,Marlon,Beentjes,mbeentjesao@blogspot.com,Male,217.83.152.61,"€5,57"
386,Reginald,Leguay,rleguayap@sun.com,Male,62.205.199.113,"€2,99"
387,Cathrin,Hartright,chartrightaq@indiegogo.com,Female,54.129.214.83,"€1,53"
388,Peder,Lambole,plambolear@posterous.com,Male,191.133.67.184,"€6,43"
389,Symon,Whetnall,swhetnallas@zdnet.com,Male,63.178.24.24,"€8,23"
390,Dall,Craighill,dcraighillat@ask.com,Male,176.218.12.219,"€7,62"
391,Lemuel,Ornelas,lornelasau@tamu.edu,Male,174.14.199.218,"€6,34"
392,Mohandas,Ronchi,mronchiav@fda.gov,Male,44.12.183.10,"€6,93"
393,Dorie,Dublin,ddublinaw@washington.edu,Male,121.144.161.94,"€3,58"
394,Avivah,Lupson,alupsonax@theguardian.com,Female,137.83.242.148,"€8,79"
395,Reube,Dyneley,rdyneleyay@liveinternet.ru,Male,225.143.81.34,"€4,31"
396,Clive,Jurek,cjurekaz@hugedomains.com,Male,4.208.85.5,"€6,32"
397,Donnie,Rosenwald,drosenwaldb0@acquirethisname.com,Male,80.164.192.98,"€4,50"
398,Helen-elizabeth,Chavrin,hchavrinb1@deliciousdays.com,Female,246.39.41.144,"€4,40"
399,Veradis,Vina,vvinab2@ftc.gov,Female,242.47.207.228,"€3,12"
400,Brigit,Ifill,bifillb3@sakura.ne.jp,Female,240.168.113.91,"€9,12"
401,Rhona,MacCarroll,rmaccarrollb4@yale.edu,Female,75.52.58.165,"€0,47"
402,Yehudi,Cham,ychamb5@shareasale.com,Male,83.135.153.63,"€6,14"
403,Wilburt,Francom,wfrancomb6@surveymonkey.com,Male,156.146.31.68,"€9,95"
404,Warden,Corkan,wcorkanb7@exblog.jp,Male,186.19.68.101,"€4,89"
405,Jessika,Povey,jpoveyb8@ed.gov,Female,129.107.109.100,"€3,30"
406,Erica,Annion,eannionb9@sakura.ne.jp,Female,219.109.4.201,"€6,55"
407,Dante,McCarry,dmccarryba@sphinn.com,Male,158.234.199.139,"€0,57"
408,Ethe,Cubbini,ecubbinibb@1und1.de,Male,209.156.213.126,"€7,07"
409,Florence,Nutten,fnuttenbc@desdev.cn,Female,154.201.177.65,"€0,94"
410,Cletis,Tithacott,ctithacottbd@cdc.gov,Male,238.251.132.189,"€0,45"
411,Genevieve,Lamlin,glamlinbe@histats.com,Female,128.123.204.58,"€1,38"
412,Astrix,Coggon,acoggonbf@mac.com,Female,127.113.153.24,"€0,33"
413,Myles,Guilaem,mguilaembg@github.com,Male,150.84.31.145,"€7,72"
414,Swen,Heiss,sheissbh@illinois.edu,Male,16.70.153.13,"€4,63"
415,Maximilianus,Doeg,mdoegbi@berkeley.edu,Male,94.90.158.48,"€3,10"
416,Evanne,Espina,eespinabj@slideshare.net,Female,149.175.74.232,"€0,77"
417,Desmund,Batsford,dbatsfordbk@fc2.com,Male,158.165.162.102,"€6,81"
418,Sergio,Lardeur,slardeurbl@cyberchimps.com,Male,61.3.143.206,"€1,12"
419,Hilde,Heustice,hheusticebm@bbb.org,Female,22.236.86.141,"€7,80"
420,Rourke,Fassman,rfassmanbn@ifeng.com,Male,66.55.73.162,"€5,34"
421,Christie,Cheshire,ccheshirebo@rambler.ru,Male,142.89.134.168,"€8,35"
422,Ozzie,Cord,ocordbp@usatoday.com,Male,71.13.7.98,"€6,51"
423,Willow,Sarrell,wsarrellbq@constantcontact.com,Female,187.45.92.12,"€1,24"
424,Denney,Itscowics,ditscowicsbr@reverbnation.com,Male,222.133.59.18,"€6,57"
425,Blake,Lammenga,blammengabs@parallels.com,Female,240.151.97.38,"€8,46"
426,Eziechiele,Pavek,epavekbt@paginegialle.it,Male,192.199.165.150,"€6,95"
427,Eba,Road,eroadbu@nbcnews.com,Female,36.70.117.83,"€0,13"
428,Othello,Gillean,ogilleanbv@altervista.org,Male,143.156.202.41,"€8,07"
429,Welch,Marfield,wmarfieldbw@instagram.com,Male,129.210.174.67,"€7,31"
430,Garwood,Saffle,gsafflebx@gov.uk,Male,162.56.30.194,"€8,15"
431,Virgina,Brockwell,vbrockwellby@abc.net.au,Female,154.209.195.181,"€2,66"
432,Maddy,Jouhandeau,mjouhandeaubz@mashable.com,Female,62.33.211.74,"€0,10"
433,Suzanne,Dibley,sdibleyc0@amazonaws.com,Female,249.204.249.180,"€1,24"
434,Marline,Pellew,mpellewc1@meetup.com,Female,55.148.26.193,"€0,75"
435,Dyanne,Goncalo,dgoncaloc2@mozilla.org,Female,21.53.71.133,"€9,27"
436,Nikolos,Rawls,nrawlsc3@angelfire.com,Male,43.24.21.154,"€2,44"
437,Horatius,Croxley,hcroxleyc4@hao123.com,Male,3.252.32.134,"€9,56"
438,Dominik,Edscer,dedscerc5@qq.com,Male,32.28.199.224,"€0,92"
439,Barrie,Headland,bheadlandc6@techcrunch.com,Female,65.126.100.52,"€8,62"
440,Israel,Venmore,ivenmorec7@gizmodo.com,Male,72.222.192.213,"€3,00"
441,Haily,Kalf,hkalfc8@shareasale.com,Male,207.116.155.132,"€4,26"
442,Cosmo,Causier,ccausierc9@e-recht24.de,Male,139.166.250.204,"€8,02"
443,Becka,Nozzolii,bnozzoliica@clickbank.net,Female,61.246.37.25,"€2,93"
444,Bail,Littlepage,blittlepagecb@addtoany.com,Male,222.178.228.183,"€7,73"
445,Cordie,Avramovitz,cavramovitzcc@squarespace.com,Male,95.114.194.92,"€2,45"
446,Hubert,Langrish,hlangrishcd@printfriendly.com,Male,253.136.203.72,"€7,69"
447,Wallie,Diack,wdiackce@theatlantic.com,Female,185.239.12.159,"€6,82"
448,Octavius,Martinet,omartinetcf@infoseek.co.jp,Male,150.73.194.163,"€6,05"
449,Koren,Callam,kcallamcg@ft.com,Female,112.198.117.187,"€5,11"
450,Emanuel,O'Longain,eolongainch@spiegel.de,Male,144.204.253.223,"€7,68"
451,Crystie,Doole,cdooleci@dailymail.co.uk,Female,45.147.127.231,"€1,69"
452,Adrien,Dubbin,adubbincj@smugmug.com,Male,215.16.28.144,"€2,28"
453,Cesaro,Tovey,ctoveyck@google.fr,Male,114.22.194.0,"€0,79"
454,Marcelle,Woodyear,mwoodyearcl@mysql.com,Female,146.186.148.116,"€3,45"
455,Bondon,Lea,bleacm@hao123.com,Male,49.141.78.20,"€4,15"
456,Hasheem,Nelmes,hnelmescn@bing.com,Male,152.167.224.113,"€3,27"
457,Ami,Fishburn,afishburnco@msu.edu,Female,182.51.181.16,"€1,36"
458,Shelden,Hudson,shudsoncp@tripod.com,Male,73.134.235.218,"€4,84"
459,Andi,Mourgue,amourguecq@plala.or.jp,Female,174.77.122.158,"€7,97"
460,Sena,Johl,sjohlcr@upenn.edu,Female,201.178.166.79,"€2,05"
461,Fanya,Daddow,fdaddowcs@spiegel.de,Female,40.82.51.18,"€9,82"
462,Rafael,Cruickshanks,rcruickshanksct@nasa.gov,Male,198.110.131.28,"€5,00"
463,Adelle,Huish,ahuishcu@is.gd,Female,213.38.252.96,"€4,34"
464,Tore,Pawlata,tpawlatacv@unesco.org,Male,158.22.153.118,"€1,53"
465,Afton,Dennison,adennisoncw@godaddy.com,Female,200.84.83.223,"€5,17"
466,Barclay,Lark,blarkcx@soundcloud.com,Male,11.115.185.200,"€5,11"
467,Reinald,Maghull,rmaghullcy@accuweather.com,Male,38.238.196.235,"€5,05"
468,Leonhard,Clowton,lclowtoncz@blogs.com,Male,174.133.106.91,"€2,58"
469,Chad,Leuty,cleutyd0@about.com,Male,58.45.142.135,"€1,64"
470,Walt,Novotne,wnovotned1@youku.com,Male,226.240.55.20,"€1,72"
471,Horatius,Carswell,hcarswelld2@forbes.com,Male,6.0.202.160,"€8,49"
472,Loralie,Le Franc,llefrancd3@dot.gov,Female,147.22.56.36,"€8,96"
473,Beltran,Asey,baseyd4@census.gov,Male,70.41.22.16,"€3,85"
474,Jere,Wilman,jwilmand5@plala.or.jp,Male,80.204.90.230,"€4,56"
475,Monica,Kettles,mkettlesd6@berkeley.edu,Female,76.6.217.16,"€8,57"
476,Barry,Gudgion,bgudgiond7@over-blog.com,Male,202.220.124.153,"€8,34"
477,Sarajane,Bolino,sbolinod8@baidu.com,Female,193.181.99.94,"€8,32"
478,Tobit,Yanele,tyaneled9@pinterest.com,Male,17.42.167.42,"€1,84"
479,Orazio,Boater,oboaterda@1und1.de,Male,163.240.62.3,"€0,94"
480,Amelia,Bydaway,abydawaydb@symantec.com,Female,146.109.114.4,"€2,40"
481,Reggie,Youde,ryoudedc@so-net.ne.jp,Female,101.24.232.9,"€0,16"
482,Base,Colvin,bcolvindd@yahoo.com,Male,7.235.110.235,"€1,27"
483,Julie,Sapey,jsapeyde@woothemes.com,Male,126.20.162.103,"€8,45"
484,Sasha,Gingold,sgingolddf@cocolog-nifty.com,Male,168.132.201.201,"€7,66"
485,Erhart,Ramme,erammedg@nydailynews.com,Male,228.121.217.87,"€3,20"
486,Denny,Chippindall,dchippindalldh@mashable.com,Female,91.197.237.66,"€1,01"
487,Lind,Hitcham,lhitchamdi@xrea.com,Male,230.27.221.164,"€0,33"
488,Gideon,Stoggles,gstogglesdj@cnn.com,Male,165.74.76.2,"€3,28"
489,Garek,Blatchford,gblatchforddk@a8.net,Male,8.5.125.162,"€0,61"
490,Hadleigh,Niles,hnilesdl@fda.gov,Male,52.234.92.145,"€9,13"
491,Rudiger,Poundsford,rpoundsforddm@tripadvisor.com,Male,50.218.80.211,"€7,14"
492,Mikol,Morratt,mmorrattdn@squarespace.com,Male,63.25.26.42,"€7,75"
493,Sianna,McVie,smcviedo@indiegogo.com,Female,117.204.8.129,"€9,52"
494,Malynda,Custard,mcustarddp@arstechnica.com,Female,127.179.93.95,"€7,11"
495,Eugine,Kundert,ekundertdq@vistaprint.com,Female,206.199.99.96,"€7,87"
496,Goldi,Robertsen,grobertsendr@hugedomains.com,Female,170.228.45.48,"€7,69"
497,Garth,Thridgould,gthridgouldds@bbb.org,Male,21.37.3.195,"€1,42"
498,Ariel,Haccleton,ahaccletondt@china.com.cn,Female,62.240.78.38,"€1,10"
499,Delmar,Murrock,dmurrockdu@europa.eu,Male,212.24.188.12,"€7,85"
500,Maddie,Hoodless,mhoodlessdv@cnn.com,Female,191.129.82.70,"€9,55"
501,Darnall,Bounde,dboundedw@issuu.com,Male,150.46.173.91,"€4,18"
502,Ursa,Faulkener,ufaulkenerdx@walmart.com,Female,43.224.179.106,"€1,26"
503,Vincenty,Howel,vhoweldy@hc360.com,Male,161.84.133.100,"€8,10"
504,Butch,Grimsell,bgrimselldz@t.co,Male,235.105.11.135,"€8,53"
505,Reagen,Ashfield,rashfielde0@symantec.com,Male,248.106.79.196,"€6,86"
506,Bernita,Riccardelli,briccardellie1@cbsnews.com,Female,126.112.152.21,"€4,55"
507,Cass,Queste,cquestee2@google.co.uk,Female,235.252.193.156,"€5,77"
508,Elwood,Gonnard,egonnarde3@narod.ru,Male,167.223.110.62,"€7,94"
509,Marcia,Aggs,maggse4@shutterfly.com,Female,9.84.86.33,"€5,49"
510,Erina,Wimbush,ewimbushe5@reverbnation.com,Female,201.160.101.214,"€1,92"
511,Livia,Winsiowiecki,lwinsiowieckie6@utexas.edu,Female,35.7.175.66,"€8,34"
512,Andriette,Cabrales,acabralese7@marketwatch.com,Female,75.140.34.90,"€0,92"
513,Jdavie,Gerrad,jgerrade8@ask.com,Male,43.123.70.66,"€7,01"
514,Rolf,Pennicott,rpennicotte9@weibo.com,Male,251.34.191.98,"€5,57"
515,Huntley,Espinazo,hespinazoea@seattletimes.com,Male,124.108.169.34,"€2,74"
516,Gard,Ailward,gailwardeb@mysql.com,Male,2.26.179.3,"€1,15"
517,Dylan,Dunks,ddunksec@cnbc.com,Male,220.71.198.99,"€2,88"
518,Chico,Cocci,ccoccied@guardian.co.uk,Male,98.224.23.92,"€4,66"
519,Buck,Ollarenshaw,bollarenshawee@list-manage.com,Male,25.127.178.125,"€7,15"
520,Whit,Berk,wberkef@theatlantic.com,Male,168.88.120.234,"€1,56"
521,Granthem,Harrad,gharradeg@narod.ru,Male,8.39.152.207,"€2,70"
522,Helaine,Wimes,hwimeseh@reverbnation.com,Female,146.178.251.249,"€1,54"
523,Gayel,Boulding,gbouldingei@goo.ne.jp,Female,190.8.243.208,"€7,97"
524,Maynard,Burnel,mburnelej@lulu.com,Male,162.21.56.241,"€1,91"
525,Goraud,Bediss,gbedissek@google.de,Male,182.171.119.197,"€8,61"
526,Derrek,Kabos,dkabosel@google.com.hk,Male,165.20.41.171,"€6,20"
527,Debora,Doumer,ddoumerem@amazonaws.com,Female,199.233.225.216,"€1,08"
528,Jed,Flack,jflacken@theguardian.com,Male,137.80.151.255,"€5,85"
529,Blane,Whelpdale,bwhelpdaleeo@360.cn,Male,124.46.137.31,"€2,95"
530,Brandyn,Deavin,bdeavinep@chicagotribune.com,Male,131.83.0.168,"€9,71"
531,Lucilia,Purdy,lpurdyeq@nifty.com,Female,159.131.78.105,"€4,00"
532,Ryun,Lenney,rlenneyer@domainmarket.com,Male,71.242.180.138,"€9,43"
533,Remington,Cantor,rcantores@hexun.com,Male,57.67.152.140,"€5,88"
534,Glynnis,Wilshaw,gwilshawet@booking.com,Female,244.81.183.49,"€4,80"
535,Jamima,Atthow,jatthoweu@prnewswire.com,Female,135.126.153.80,"€0,10"
536,Jesse,Singers,jsingersev@issuu.com,Male,74.31.50.243,"€8,88"
537,Frederica,MacNair,fmacnairew@github.io,Female,150.31.110.111,"€0,79"
538,Stacey,Mauro,smauroex@over-blog.com,Female,115.97.34.108,"€1,77"
539,Meta,Kimpton,mkimptoney@etsy.com,Female,191.155.172.255,"€3,73"
540,Lita,Smeaton,lsmeatonez@engadget.com,Female,198.201.138.77,"€6,01"
541,Elmo,Kalderon,ekalderonf0@nature.com,Male,147.161.46.126,"€0,92"
542,Jayme,Caban,jcabanf1@printfriendly.com,Female,3.118.78.3,"€9,13"
543,Rayshell,Bloxam,rbloxamf2@tinypic.com,Female,57.6.76.37,"€1,82"
544,Trenton,Van der Linde,tvanderlindef3@army.mil,Male,12.94.195.253,"€5,66"
545,Piggy,Duckering,pduckeringf4@skype.com,Male,229.51.17.198,"€1,17"
546,Beltran,Vickerstaff,bvickerstafff5@geocities.com,Male,109.61.103.112,"€2,66"
547,Brandie,Shaplin,bshaplinf6@geocities.jp,Female,123.44.12.76,"€3,97"
548,Haleigh,Coyish,hcoyishf7@answers.com,Male,58.199.26.186,"€0,37"
549,Costanza,Maslen,cmaslenf8@joomla.org,Female,41.74.239.199,"€3,80"
550,Rachelle,FitzGibbon,rfitzgibbonf9@ucla.edu,Female,253.156.112.109,"€0,26"
551,Erhard,McPaike,emcpaikefa@pinterest.com,Male,114.255.218.167,"€9,96"
552,Olimpia,Fordy,ofordyfb@wsj.com,Female,48.157.52.255,"€4,21"
553,Joanne,Paggitt,jpaggittfc@mac.com,Female,60.185.109.34,"€9,35"
554,Abby,Carcass,acarcassfd@jimdo.com,Male,189.72.117.133,"€1,43"
555,Pia,Fenck,pfenckfe@hugedomains.com,Female,156.235.9.87,"€1,98"
556,Marlie,Dukes,mdukesff@surveymonkey.com,Female,94.77.26.195,"€2,25"
557,Ram,Durnford,rdurnfordfg@livejournal.com,Male,34.143.17.55,"€5,03"
558,Leif,Wainer,lwainerfh@ovh.net,Male,238.150.201.249,"€7,41"
559,Alia,Mennear,amennearfi@kickstarter.com,Female,22.175.150.42,"€5,63"
560,Anet,Braam,abraamfj@360.cn,Female,56.214.46.104,"€0,21"
561,Erica,Twist,etwistfk@desdev.cn,Female,249.176.85.177,"€3,84"
562,Revkah,Shepheard,rshepheardfl@ft.com,Female,58.254.121.245,"€8,34"
563,Morty,Haking,mhakingfm@plala.or.jp,Male,136.199.150.18,"€0,52"
564,Alasdair,Schollick,aschollickfn@chron.com,Male,45.40.230.5,"€5,86"
565,Averil,Yeude,ayeudefo@mlb.com,Female,149.251.42.74,"€5,62"
566,Worthy,Mowsdell,wmowsdellfp@cyberchimps.com,Male,46.63.175.102,"€6,85"
567,Innis,Peever,ipeeverfq@amazon.de,Male,19.255.85.160,"€9,79"
568,Benny,Warstall,bwarstallfr@freewebs.com,Male,154.49.67.114,"€8,28"
569,Kippie,Blundon,kblundonfs@unicef.org,Male,51.143.89.121,"€0,04"
570,Morris,Roo,mrooft@amazon.co.uk,Male,197.88.110.194,"€9,11"
571,Ettie,Tipens,etipensfu@odnoklassniki.ru,Female,87.99.232.154,"€0,52"
572,Lia,Kinny,lkinnyfv@shinystat.com,Female,98.15.43.31,"€0,72"
573,Cole,Caddy,ccaddyfw@godaddy.com,Male,192.210.165.23,"€3,43"
574,Cull,Sulley,csulleyfx@homestead.com,Male,153.117.219.10,"€6,21"
575,Luis,Nicklin,lnicklinfy@flickr.com,Male,165.163.253.118,"€3,97"
576,Kaleb,Gaffon,kgaffonfz@imgur.com,Male,185.18.117.9,"€8,50"
577,Dorthy,Howgate,dhowgateg0@npr.org,Female,119.56.27.221,"€2,48"
578,Claudette,Caramuscia,ccaramusciag1@bloomberg.com,Female,227.254.35.112,"€3,87"
579,Burnard,Nourse,bnourseg2@netscape.com,Male,250.52.97.100,"€6,51"
580,Rivalee,Stretton,rstrettong3@live.com,Female,43.112.230.12,"€4,19"
581,Galen,Fernandes,gfernandesg4@discovery.com,Male,59.87.159.102,"€2,71"
582,Janaye,Halworth,jhalworthg5@seattletimes.com,Female,216.133.184.187,"€2,68"
583,Griffie,Pawlett,gpawlettg6@diigo.com,Male,86.99.95.126,"€0,85"
584,Vassili,Tew,vtewg7@plala.or.jp,Male,140.3.79.203,"€3,87"
585,Neda,Bonnette,nbonnetteg8@fc2.com,Female,49.99.211.224,"€8,93"
586,Karena,Simmell,ksimmellg9@ucla.edu,Female,140.212.22.169,"€2,45"
587,Ewell,Merkle,emerklega@eepurl.com,Male,51.94.49.64,"€9,38"
588,Frederico,Steels,fsteelsgb@miibeian.gov.cn,Male,202.36.84.3,"€8,69"
589,Atlanta,Reddy,areddygc@cyberchimps.com,Female,250.56.242.43,"€7,08"
590,Siward,Southby,ssouthbygd@php.net,Male,2.88.161.99,"€7,01"
591,Dom,D'orsay,ddorsayge@stanford.edu,Male,57.175.174.208,"€5,35"
592,Bertrando,Vaissiere,bvaissieregf@dagondesign.com,Male,46.144.246.54,"€2,00"
593,Remington,Flye,rflyegg@cnet.com,Male,62.215.17.139,"€5,33"
594,Dacey,Landor,dlandorgh@indiatimes.com,Female,128.85.79.160,"€0,59"
595,Alanna,McGuinness,amcguinnessgi@themeforest.net,Female,14.201.178.41,"€5,00"
596,Octavia,McCluney,omccluneygj@odnoklassniki.ru,Female,194.113.216.92,"€5,93"
597,Chance,Kings,ckingsgk@symantec.com,Male,250.198.122.97,"€3,72"
598,Alley,Toner,atonergl@goo.ne.jp,Male,28.169.174.121,"€3,88"
599,Keith,Richly,krichlygm@studiopress.com,Male,72.6.89.74,"€1,26"
600,Emilia,Plumtree,eplumtreegn@xing.com,Female,68.155.230.138,"€7,92"
601,Christos,Hayselden,chayseldengo@scientificamerican.com,Male,28.255.247.254,"€8,70"
602,Dana,Crabbe,dcrabbegp@timesonline.co.uk,Male,232.98.103.3,"€0,54"
603,Chlo,Margarson,cmargarsongq@shareasale.com,Female,238.76.165.135,"€2,40"
604,Blinni,Tessyman,btessymangr@delicious.com,Female,125.134.79.198,"€1,48"
605,Keary,Housecraft,khousecraftgs@photobucket.com,Male,43.17.47.107,"€6,62"
606,Timothee,Franzotto,tfranzottogt@wordpress.com,Male,38.168.198.156,"€9,42"
607,Natal,Signore,nsignoregu@cyberchimps.com,Male,116.240.126.221,"€0,14"
608,Dukie,Tremellier,dtremelliergv@ask.com,Male,58.45.221.92,"€6,66"
609,Willi,Gerling,wgerlinggw@unblog.fr,Female,46.24.5.250,"€2,46"
610,Dredi,Harnott,dharnottgx@whitehouse.gov,Female,112.87.179.201,"€4,36"
611,Smith,Bremen,sbremengy@disqus.com,Male,25.50.231.62,"€3,76"
612,Sheilakathryn,Joriot,sjoriotgz@php.net,Female,63.114.215.32,"€1,84"
613,Calida,Gianinotti,cgianinottih0@webeden.co.uk,Female,137.196.221.18,"€7,84"
614,Kalil,Toderini,ktoderinih1@biblegateway.com,Male,11.125.155.53,"€1,50"
615,Davey,Fawthorpe,dfawthorpeh2@vimeo.com,Male,130.3.244.183,"€0,02"
616,Cassy,Whittuck,cwhittuckh3@google.ru,Female,216.73.122.165,"€6,20"
617,Delphinia,Barles,dbarlesh4@dell.com,Female,125.247.142.251,"€3,04"
618,Lynn,Fitch,lfitchh5@mapy.cz,Female,91.138.255.19,"€7,13"
619,Nils,Cruise,ncruiseh6@angelfire.com,Male,40.217.165.15,"€8,95"
620,Gibbie,Spurden,gspurdenh7@fotki.com,Male,27.18.178.138,"€6,26"
621,Decca,Buff,dbuffh8@wordpress.org,Male,10.244.191.195,"€3,96"
622,Delila,Draper,ddraperh9@umich.edu,Female,66.54.29.101,"€8,10"
623,Norry,Blaylock,nblaylockha@blogspot.com,Female,151.102.142.125,"€5,16"
624,Mair,Dahill,mdahillhb@flickr.com,Female,39.140.181.79,"€9,53"
625,Johanna,Yeowell,jyeowellhc@unesco.org,Female,194.41.241.183,"€7,70"
626,Stearn,Altamirano,saltamiranohd@weather.com,Male,107.17.54.231,"€6,72"
627,Gunner,Bradneck,gbradneckhe@rediff.com,Male,222.42.149.116,"€8,40"
628,Rhetta,McNally,rmcnallyhf@drupal.org,Female,219.28.252.50,"€1,39"
629,Joice,Entreis,jentreishg@miibeian.gov.cn,Female,252.44.94.22,"€7,37"
630,Sergei,Houlson,shoulsonhh@icio.us,Male,40.201.211.131,"€8,63"
631,Wynnie,Ferryn,wferrynhi@addtoany.com,Female,22.179.76.134,"€2,75"
632,Linzy,Lorenzetti,llorenzettihj@addthis.com,Female,118.237.244.74,"€6,66"
633,Tiff,Vye,tvyehk@sourceforge.net,Female,21.195.41.106,"€7,40"
634,Welby,Busst,wbussthl@vk.com,Male,4.127.45.126,"€0,75"
635,Vin,Bytheway,vbythewayhm@boston.com,Female,159.14.218.238,"€3,96"
636,Boy,Clyburn,bclyburnhn@nhs.uk,Male,190.248.91.190,"€9,18"
637,Keefe,Bleything,kbleythingho@mozilla.com,Male,165.41.132.20,"€8,77"
638,Ranee,Ing,ringhp@eventbrite.com,Female,211.202.125.132,"€8,70"
639,Iver,Patershall,ipatershallhq@nature.com,Male,229.9.38.74,"€4,45"
640,Auria,Tuffley,atuffleyhr@hhs.gov,Female,63.251.104.104,"€6,22"
641,Harrison,Vick,hvickhs@ustream.tv,Male,67.217.212.206,"€7,97"
642,Carter,Eskrigge,ceskriggeht@tuttocitta.it,Male,61.0.8.23,"€5,77"
643,Benetta,Onslow,bonslowhu@dropbox.com,Female,71.60.252.137,"€3,10"
644,Marcellus,Lacotte,mlacottehv@cam.ac.uk,Male,132.120.96.245,"€9,11"
645,Wolfy,Block,wblockhw@disqus.com,Male,68.119.140.81,"€7,25"
646,Neille,Gresch,ngreschhx@admin.ch,Female,168.133.78.32,"€3,91"
647,Emlen,Hambelton,ehambeltonhy@bravesites.com,Male,155.128.247.32,"€5,43"
648,Lindy,Fittes,lfitteshz@cocolog-nifty.com,Female,187.45.18.183,"€5,56"
649,Eugenia,Casier,ecasieri0@telegraph.co.uk,Female,73.198.234.96,"€6,43"
650,Ciel,Ingreda,cingredai1@goo.gl,Female,24.108.251.90,"€9,13"
651,Riva,Jacketts,rjackettsi2@seattletimes.com,Female,132.125.88.99,"€3,78"
652,Rodolfo,Goschalk,rgoschalki3@wordpress.org,Male,70.196.185.227,"€5,00"
653,Denis,Anstice,dansticei4@mapy.cz,Male,132.83.30.188,"€3,53"
654,Dore,Grindlay,dgrindlayi5@mapquest.com,Male,108.227.20.105,"€3,56"
655,Demetrius,De Hooch,ddehoochi6@who.int,Male,222.141.88.195,"€8,05"
656,Georas,Whitebread,gwhitebreadi7@facebook.com,Male,90.235.162.177,"€5,15"
657,Benjamen,Greeveson,bgreevesoni8@wikispaces.com,Male,129.249.41.34,"€8,72"
658,Shannon,Meffin,smeffini9@mapquest.com,Female,71.7.191.194,"€9,32"
659,Tracie,Piggford,tpiggfordia@yahoo.com,Female,165.253.192.220,"€5,88"
660,Cynthie,Breinl,cbreinlib@hatena.ne.jp,Female,21.118.253.233,"€9,99"
661,Ezequiel,Lorence,elorenceic@sakura.ne.jp,Male,68.66.252.128,"€2,17"
662,Ina,Starcks,istarcksid@ed.gov,Female,92.219.243.251,"€0,48"
663,Brittne,Scholler,bschollerie@huffingtonpost.com,Female,164.221.227.89,"€5,14"
664,Cinnamon,Grinyakin,cgrinyakinif@4shared.com,Female,167.215.97.17,"€7,84"
665,Humphrey,Blowers,hblowersig@slashdot.org,Male,64.199.17.193,"€8,89"
666,Caresa,Meekin,cmeekinih@godaddy.com,Female,22.67.59.199,"€5,37"
667,Nicholle,Blitz,nblitzii@chronoengine.com,Female,255.189.174.66,"€8,61"
668,Joycelin,MacTrustam,jmactrustamij@aboutads.info,Female,0.145.124.183,"€1,23"
669,Inna,Rosenblum,irosenblumik@nifty.com,Female,88.34.4.170,"€0,82"
670,Jorry,Gillyatt,jgillyattil@vkontakte.ru,Female,216.242.30.218,"€6,15"
671,Fidelia,Skillington,fskillingtonim@csmonitor.com,Female,113.166.133.55,"€5,33"
672,Ninnetta,Ellerby,nellerbyin@prlog.org,Female,213.69.2.16,"€8,70"
673,Anet,Ollcott,aollcottio@illinois.edu,Female,106.110.143.250,"€6,82"
674,Rozalie,Scola,rscolaip@istockphoto.com,Female,241.144.6.11,"€0,23"
675,Eugenia,Bollom,ebollomiq@foxnews.com,Female,49.233.127.117,"€5,20"
676,Brody,McGibbon,bmcgibbonir@fda.gov,Male,209.103.116.200,"€3,99"
677,Wildon,Jorgensen,wjorgensenis@com.com,Male,72.162.36.18,"€7,80"
678,Brett,Canham,bcanhamit@utexas.edu,Male,67.242.42.202,"€9,06"
679,Reuben,Clemmen,rclemmeniu@themeforest.net,Male,191.114.56.42,"€9,26"
680,Lyndel,O' Hern,loherniv@github.com,Female,229.190.70.232,"€4,09"
681,Phebe,Seldner,pseldneriw@angelfire.com,Female,149.125.155.189,"€3,66"
682,Marylin,Ghest,mghestix@omniture.com,Female,204.171.1.211,"€3,57"
683,Shayne,Beller,sbelleriy@woothemes.com,Female,208.153.57.96,"€4,05"
684,Siegfried,Hargitt,shargittiz@behance.net,Male,124.189.54.132,"€2,79"
685,Drusie,Lyte,dlytej0@flickr.com,Female,69.202.55.7,"€4,68"
686,Avrom,Lyndon,alyndonj1@blog.com,Male,5.125.37.122,"€0,43"
687,Hermia,Fridd,hfriddj2@exblog.jp,Female,46.89.109.159,"€5,43"
688,Jay,Milburn,jmilburnj3@mysql.com,Male,160.146.13.165,"€5,47"
689,Alonso,Costigan,acostiganj4@discovery.com,Male,69.156.176.237,"€0,53"
690,Anne-marie,Smickle,asmicklej5@cocolog-nifty.com,Female,236.84.78.173,"€2,20"
691,Pattie,Shoveller,pshovellerj6@theglobeandmail.com,Female,65.255.251.222,"€4,89"
692,Genni,Plumstead,gplumsteadj7@youtube.com,Female,68.176.193.172,"€4,86"
693,Si,Pepys,spepysj8@usgs.gov,Male,147.200.230.227,"€3,99"
694,Genni,Cassella,gcassellaj9@issuu.com,Female,78.38.105.4,"€0,92"
695,Judie,Stayte,jstayteja@globo.com,Female,186.98.151.188,"€4,76"
696,Tommie,Bloom,tbloomjb@ucsd.edu,Female,43.52.23.186,"€3,51"
697,Milena,Lemarie,mlemariejc@constantcontact.com,Female,99.101.3.43,"€9,51"
698,Fabien,Kelland,fkellandjd@zdnet.com,Male,144.141.14.243,"€7,22"
699,Sydel,O'Keevan,sokeevanje@squidoo.com,Female,151.138.252.75,"€9,06"
700,Jim,Swiffen,jswiffenjf@xinhuanet.com,Male,130.41.85.178,"€7,46"
701,Hebert,Grier,hgrierjg@tinypic.com,Male,29.43.94.13,"€7,75"
702,Seka,Zellner,szellnerjh@geocities.jp,Female,89.251.9.13,"€2,89"
703,Luis,Robbie,lrobbieji@rambler.ru,Male,89.75.234.238,"€3,05"
704,Neil,Lille,nlillejj@tumblr.com,Male,126.226.249.14,"€8,42"
705,Papagena,Heddon,pheddonjk@networksolutions.com,Female,223.233.120.10,"€6,76"
706,Chastity,Scamaden,cscamadenjl@technorati.com,Female,45.184.111.152,"€6,51"
707,Chrissy,Bernat,cbernatjm@pinterest.com,Female,91.205.223.25,"€9,05"
708,Pall,Peyton,ppeytonjn@goo.gl,Male,83.58.106.241,"€8,84"
709,Bianka,Crosoer,bcrosoerjo@google.es,Female,142.144.30.34,"€5,62"
710,Gottfried,Foukx,gfoukxjp@usda.gov,Male,149.101.34.21,"€7,48"
711,Crista,Sharpe,csharpejq@prlog.org,Female,218.77.100.122,"€0,50"
712,Malina,Gallanders,mgallandersjr@dailymail.co.uk,Female,185.59.180.105,"€3,48"
713,Alwyn,Gabbetis,agabbetisjs@marriott.com,Male,29.86.251.202,"€4,09"
714,Brocky,Canto,bcantojt@friendfeed.com,Male,166.216.139.33,"€3,24"
715,Finn,Dominiak,fdominiakju@harvard.edu,Male,141.151.33.29,"€4,75"
716,Alena,Botha,abothajv@ebay.com,Female,250.242.217.1,"€4,30"
717,Camila,Bealton,cbealtonjw@dedecms.com,Female,17.145.68.193,"€6,56"
718,Reade,Milleton,rmilletonjx@timesonline.co.uk,Male,252.34.8.227,"€0,31"
719,Marco,Dufaur,mdufaurjy@desdev.cn,Male,183.90.43.85,"€9,98"
720,Hildegarde,Skirving,hskirvingjz@narod.ru,Female,120.124.41.138,"€9,27"
721,Sansone,Wehnerr,swehnerrk0@loc.gov,Male,224.91.198.23,"€9,91"
722,Vyky,Whines,vwhinesk1@yellowbook.com,Female,203.247.97.63,"€1,21"
723,Aidan,Gwinnett,agwinnettk2@barnesandnoble.com,Female,44.38.12.207,"€9,00"
724,Celene,Rosini,crosinik3@cargocollective.com,Female,160.162.139.242,"€0,20"
725,Guglielmo,Penbarthy,gpenbarthyk4@springer.com,Male,108.194.175.197,"€1,88"
726,Chrissie,Eykelhof,ceykelhofk5@paypal.com,Female,47.48.48.168,"€7,58"
727,Susie,Kyme,skymek6@vinaora.com,Female,147.243.71.209,"€3,45"
728,Arlen,Wheeler,awheelerk7@blog.com,Male,51.54.45.92,"€1,20"
729,Flory,Cerith,fcerithk8@ucla.edu,Female,5.137.70.96,"€0,18"
730,Seymour,Bucksey,sbuckseyk9@edublogs.org,Male,1.211.126.39,"€2,52"
731,Mirna,Voas,mvoaska@home.pl,Female,160.7.107.201,"€5,92"
732,Basile,Gallehock,bgallehockkb@angelfire.com,Male,176.108.46.91,"€2,35"
733,Meredeth,Hallatt,mhallattkc@themeforest.net,Male,137.54.135.58,"€1,45"
734,Arnuad,Derdes,aderdeskd@typepad.com,Male,218.142.218.20,"€7,16"
735,Emmie,Darinton,edarintonke@hibu.com,Female,63.53.133.85,"€7,64"
736,Britteny,Sooley,bsooleykf@xing.com,Female,210.52.189.153,"€5,99"
737,Cassy,Muncer,cmuncerkg@quantcast.com,Female,16.244.33.134,"€8,32"
738,Lorilyn,Innocenti,linnocentikh@addtoany.com,Female,61.30.212.224,"€5,56"
739,Amelita,Pinnere,apinnereki@tripod.com,Female,222.12.228.159,"€5,23"
740,Dre,Klessmann,dklessmannkj@accuweather.com,Female,56.213.158.207,"€5,95"
741,Kenon,Dormon,kdormonkk@technorati.com,Male,20.50.107.233,"€5,81"
742,Virgil,Dedrick,vdedrickkl@nasa.gov,Male,73.223.241.36,"€6,37"
743,Ewell,Kibbye,ekibbyekm@storify.com,Male,1.177.165.250,"€4,95"
744,Frieda,Gopsall,fgopsallkn@nifty.com,Female,252.138.20.67,"€6,40"
745,Rozella,Greatorex,rgreatorexko@go.com,Female,14.65.115.228,"€1,67"
746,Berkeley,Headon,bheadonkp@bing.com,Male,111.47.252.64,"€7,73"
747,Bernette,Maiklem,bmaiklemkq@sourceforge.net,Female,130.201.29.63,"€4,35"
748,Madlen,Giorio,mgioriokr@indiatimes.com,Female,2.60.80.118,"€5,86"
749,Beverlee,Sawell,bsawellks@linkedin.com,Female,111.92.75.9,"€4,06"
750,Sheba,Habergham,shaberghamkt@unesco.org,Female,48.232.242.2,"€7,92"
751,Laural,Jans,ljansku@washingtonpost.com,Female,119.98.229.2,"€3,60"
752,Cleavland,Francino,cfrancinokv@posterous.com,Male,165.34.235.21,"€7,80"
753,Mahmud,Aldington,maldingtonkw@4shared.com,Male,127.23.30.63,"€2,95"
754,Addy,McSperron,amcsperronkx@prweb.com,Female,64.191.140.202,"€9,94"
755,Hayes,Taplin,htaplinky@wired.com,Male,146.176.47.238,"€1,68"
756,Almeria,Benit,abenitkz@miibeian.gov.cn,Female,126.44.127.80,"€3,19"
757,Rudyard,Plenderleith,rplenderleithl0@tumblr.com,Male,161.138.108.141,"€2,96"
758,Marcia,Puckring,mpuckringl1@prnewswire.com,Female,188.217.179.230,"€3,61"
759,Toiboid,Usborn,tusbornl2@sfgate.com,Male,51.64.86.242,"€0,66"
760,Harlan,Lipson,hlipsonl3@mail.ru,Male,49.72.217.91,"€3,14"
761,Brnaba,Laity,blaityl4@360.cn,Male,36.72.173.191,"€3,84"
762,Tandie,Broadway,tbroadwayl5@exblog.jp,Female,250.190.137.157,"€2,73"
763,Beatrix,Ipsgrave,bipsgravel6@telegraph.co.uk,Female,59.168.184.226,"€7,46"
764,Noreen,McQuarter,nmcquarterl7@opera.com,Female,226.179.239.96,"€3,06"
765,Ollie,Hacon,ohaconl8@purevolume.com,Male,253.71.125.216,"€2,29"
766,Guglielma,Hanbury-Brown,ghanburybrownl9@arizona.edu,Female,6.244.216.13,"€9,40"
767,Austen,Grievson,agrievsonla@sitemeter.com,Male,74.202.118.175,"€4,25"
768,Emanuele,Trickey,etrickeylb@uol.com.br,Male,146.29.236.222,"€4,22"
769,Ailis,Cleeves,acleeveslc@youtu.be,Female,189.146.171.17,"€1,20"
770,Nelson,Boij,nboijld@businessinsider.com,Male,36.61.154.214,"€4,02"
771,Dwight,Walisiak,dwalisiakle@xing.com,Male,30.50.115.254,"€3,11"
772,Darrin,Beringer,dberingerlf@shareasale.com,Male,130.62.236.215,"€7,59"
773,Codi,Crannach,ccrannachlg@nyu.edu,Male,188.21.230.205,"€8,18"
774,Simone,Aiton,saitonlh@blinklist.com,Female,180.255.36.249,"€5,80"
775,Pooh,Rimes,primesli@mapquest.com,Female,61.130.217.69,"€0,39"
776,Kerrie,Joselevitch,kjoselevitchlj@icq.com,Female,246.59.205.225,"€8,06"
777,Joann,Eliesco,jeliescolk@vk.com,Female,156.102.51.186,"€5,97"
778,Eben,Clynman,eclynmanll@ibm.com,Male,78.90.5.240,"€2,34"
779,Gerrie,O'Neill,goneilllm@devhub.com,Male,176.136.159.193,"€8,24"
780,Rebbecca,Cuniffe,rcuniffeln@ebay.co.uk,Female,233.47.212.36,"€6,73"
781,Cathe,Ennion,cennionlo@exblog.jp,Female,211.7.195.54,"€6,01"
782,Robbi,Reppaport,rreppaportlp@yelp.com,Female,220.30.193.150,"€5,98"
783,Pattie,Halson,phalsonlq@de.vu,Female,252.88.240.68,"€0,32"
784,Tony,Gopsell,tgopselllr@youku.com,Male,112.81.64.147,"€9,22"
785,Mychal,Panter,mpanterls@wired.com,Male,74.160.200.251,"€6,81"
786,Vina,Cornbell,vcornbelllt@ftc.gov,Female,122.229.35.78,"€4,35"
787,Gaile,Tole,gtolelu@ox.ac.uk,Male,72.90.156.48,"€3,67"
788,Thomasa,Tembridge,ttembridgelv@vimeo.com,Female,35.65.167.111,"€7,65"
789,Deni,Salack,dsalacklw@shareasale.com,Female,86.117.41.32,"€4,09"
790,Frasquito,Adrianello,fadrianellolx@weibo.com,Male,0.251.174.224,"€8,90"
791,Halie,Tappor,htapporly@forbes.com,Female,148.104.253.57,"€7,01"
792,Wally,Doherty,wdohertylz@cnet.com,Female,142.68.85.25,"€8,69"
793,Olga,Scholefield,oscholefieldm0@ca.gov,Female,245.62.4.209,"€0,80"
794,Lotty,Kroin,lkroinm1@guardian.co.uk,Female,101.249.182.77,"€6,44"
795,Annabella,Larchiere,alarchierem2@instagram.com,Female,23.11.16.85,"€5,12"
796,Howard,Kimblin,hkimblinm3@wikipedia.org,Male,47.204.59.60,"€4,89"
797,Barbra,Washington,bwashingtonm4@jigsy.com,Female,25.240.180.152,"€3,26"
798,Hort,Gleasane,hgleasanem5@stumbleupon.com,Male,63.94.212.15,"€1,03"
799,Rosemonde,Yesenev,ryesenevm6@state.gov,Female,245.155.115.237,"€8,57"
800,Cristen,Blaisdale,cblaisdalem7@qq.com,Female,106.193.6.154,"€2,62"
801,Kayla,Ridett,kridettm8@vk.com,Female,214.229.59.3,"€1,74"
802,Kevin,Blaszczyk,kblaszczykm9@dedecms.com,Male,217.76.171.127,"€6,97"
803,Braden,Tabourin,btabourinma@bbc.co.uk,Male,193.249.113.239,"€3,59"
804,Sibylla,Daw,sdawmb@apache.org,Female,12.66.124.32,"€0,80"
805,Chan,Ravenscroft,cravenscroftmc@netlog.com,Male,94.223.41.119,"€4,01"
806,Odey,Batistelli,obatistellimd@sun.com,Male,64.215.106.231,"€3,62"
807,Domenic,Midgely,dmidgelyme@sciencedirect.com,Male,150.175.81.8,"€1,51"
808,Michale,O'Dooghaine,modooghainemf@businessweek.com,Male,75.171.155.61,"€0,61"
809,Brendis,Paton,bpatonmg@theglobeandmail.com,Male,235.111.203.236,"€2,79"
810,Jammal,Ruegg,jrueggmh@ucla.edu,Male,32.5.200.87,"€0,26"
811,Quill,Gracewood,qgracewoodmi@google.ca,Male,7.98.249.147,"€0,69"
812,Hillary,Snodin,hsnodinmj@blogspot.com,Female,4.101.97.80,"€0,48"
813,Babara,Clouston,bcloustonmk@tamu.edu,Female,172.97.145.184,"€5,78"
814,Kilian,Signore,ksignoreml@ucsd.edu,Male,78.50.2.84,"€7,41"
815,Uriah,Mandrey,umandreymm@icio.us,Male,155.153.194.35,"€1,90"
816,Laureen,Cogan,lcoganmn@psu.edu,Female,219.200.9.163,"€7,07"
817,Scotty,Pottell,spottellmo@princeton.edu,Male,187.192.31.183,"€9,90"
818,Keenan,Halliburton,khalliburtonmp@unesco.org,Male,2.101.174.169,"€7,14"
819,Lisette,Grossier,lgrossiermq@cpanel.net,Female,122.138.200.79,"€0,98"
820,Gael,Castro,gcastromr@nifty.com,Male,232.7.164.89,"€8,99"
821,Sascha,Klamman,sklammanms@noaa.gov,Female,72.182.182.43,"€5,85"
822,Doti,Mechell,dmechellmt@wikipedia.org,Female,182.44.201.230,"€3,13"
823,Brad,Cheevers,bcheeversmu@uiuc.edu,Male,95.64.33.163,"€8,82"
824,Shelia,Mingaud,smingaudmv@tamu.edu,Female,31.115.144.144,"€3,07"
825,Verne,Fourman,vfourmanmw@altervista.org,Male,126.9.68.61,"€3,20"
826,Bernita,Padwick,bpadwickmx@state.tx.us,Female,72.250.62.120,"€8,16"
827,Violette,Babin,vbabinmy@goodreads.com,Female,119.34.240.151,"€7,46"
828,Thebault,Gladwell,tgladwellmz@youtube.com,Male,102.76.65.222,"€7,57"
829,Jon,Ricciardi,jricciardin0@si.edu,Male,17.80.238.222,"€8,24"
830,Cynthy,Guyon,cguyonn1@ning.com,Female,14.140.149.214,"€9,11"
831,Nettle,Silwood,nsilwoodn2@exblog.jp,Female,12.117.49.85,"€8,10"
832,Gaylord,Ralph,gralphn3@ezinearticles.com,Male,68.195.143.90,"€3,00"
833,Bondy,Ferrar,bferrarn4@wikimedia.org,Male,224.207.0.60,"€0,98"
834,Brynne,Pavolini,bpavolinin5@dedecms.com,Female,220.102.133.141,"€0,34"
835,Annamaria,Janicijevic,ajanicijevicn6@bravesites.com,Female,245.77.237.251,"€2,90"
836,Tedd,Sawkins,tsawkinsn7@rambler.ru,Male,193.55.1.194,"€9,36"
837,Candice,Cleator,ccleatorn8@comsenz.com,Female,225.205.19.45,"€3,11"
838,Christine,Rosenhaus,crosenhausn9@tmall.com,Female,139.33.24.63,"€5,94"
839,Keelby,O' Concannon,koconcannonna@msn.com,Male,247.121.157.245,"€1,81"
840,Meridith,Leaver,mleavernb@dell.com,Female,129.75.198.9,"€1,80"
841,Rayner,Rittelmeyer,rrittelmeyernc@bbb.org,Male,96.188.52.119,"€0,92"
842,Saba,Brennenstuhl,sbrennenstuhlnd@wp.com,Female,241.83.234.243,"€9,06"
843,Kass,Adan,kadanne@omniture.com,Female,239.49.129.181,"€9,87"
844,Everard,Petz,epetznf@illinois.edu,Male,219.177.238.119,"€7,71"
845,Robers,Bradborne,rbradborneng@purevolume.com,Male,76.10.52.174,"€3,32"
846,Inessa,Von Welldun,ivonwelldunnh@pinterest.com,Female,239.174.192.200,"€3,91"
847,Demetris,Selkirk,dselkirkni@google.de,Male,242.114.2.167,"€0,87"
848,Tedd,Mansuer,tmansuernj@va.gov,Male,160.229.55.239,"€1,41"
849,Ashley,Peto,apetonk@time.com,Male,122.19.157.199,"€4,50"
850,Bea,Budgen,bbudgennl@vistaprint.com,Female,108.98.56.150,"€8,42"
851,Ninnetta,Marushak,nmarushaknm@techcrunch.com,Female,234.221.49.15,"€9,68"
852,Glynnis,Jeandel,gjeandelnn@altervista.org,Female,178.143.104.207,"€0,75"
853,Jorge,Fairbairn,jfairbairnno@usnews.com,Male,192.114.51.69,"€8,44"
854,Shannah,Grigolli,sgrigollinp@thetimes.co.uk,Female,157.91.85.180,"€0,85"
855,Emmalynn,Syseland,esyselandnq@amazon.co.uk,Female,72.200.207.102,"€4,33"
856,Marrissa,Webber,mwebbernr@japanpost.jp,Female,155.228.230.20,"€1,12"
857,Mace,Easbie,measbiens@jiathis.com,Male,26.2.192.226,"€0,58"
858,Brien,Westrey,bwestreynt@cloudflare.com,Male,154.140.46.94,"€4,84"
859,Emlynn,Gerrens,egerrensnu@tripadvisor.com,Female,40.4.45.10,"€4,48"
860,Lenci,Ring,lringnv@bandcamp.com,Male,66.129.208.245,"€5,62"
861,Carce,Gravey,cgraveynw@shop-pro.jp,Male,172.149.200.141,"€0,72"
862,Wilie,Lethieulier,wlethieuliernx@wufoo.com,Female,118.253.121.214,"€6,12"
863,Sapphire,Donnersberg,sdonnersbergny@cargocollective.com,Female,194.204.167.168,"€8,12"
864,Mariellen,Nowill,mnowillnz@qq.com,Female,80.103.4.12,"€9,14"
865,Dickie,Rawlins,drawlinso0@bluehost.com,Male,24.181.139.138,"€6,69"
866,Bran,Caswell,bcaswello1@topsy.com,Male,140.62.203.192,"€7,90"
867,Barnett,Heminsley,bheminsleyo2@wufoo.com,Male,42.153.99.6,"€9,21"
868,Jenn,Astridge,jastridgeo3@pcworld.com,Female,178.126.214.168,"€9,72"
869,Gene,Beverage,gbeverageo4@census.gov,Male,235.126.35.202,"€4,37"
870,Frayda,Henze,fhenzeo5@comsenz.com,Female,175.51.110.196,"€2,46"
871,Mickie,Scneider,mscneidero6@hud.gov,Female,67.128.34.252,"€7,93"
872,Tarrance,Alejandre,talejandreo7@zimbio.com,Male,106.220.134.117,"€6,57"
873,Gerhardt,Chawkley,gchawkleyo8@printfriendly.com,Male,64.179.16.166,"€4,10"
874,Ayn,Peerman,apeermano9@tamu.edu,Female,22.102.167.133,"€9,90"
875,Morton,Kiledal,mkiledaloa@a8.net,Male,250.71.177.162,"€1,50"
876,Cory,Costock,ccostockob@xing.com,Male,103.143.43.226,"€1,19"
877,Karla,Tiuit,ktiuitoc@ca.gov,Female,13.251.59.32,"€7,54"
878,Kristy,Coady,kcoadyod@accuweather.com,Female,54.242.28.232,"€7,29"
879,Karel,Alishoner,kalishoneroe@goodreads.com,Male,130.147.80.58,"€4,81"
880,Prentice,Rosel,proselof@chicagotribune.com,Male,141.77.178.250,"€6,60"
881,Johny,Thorrington,jthorringtonog@usda.gov,Male,255.138.59.99,"€2,39"
882,Wernher,Janecek,wjanecekoh@shop-pro.jp,Male,61.128.216.7,"€5,45"
883,Gwenneth,Truelock,gtruelockoi@domainmarket.com,Female,159.68.124.157,"€8,84"
884,Langsdon,Mushett,lmushettoj@sina.com.cn,Male,241.45.201.54,"€5,46"
885,Giulio,D'Adamo,gdadamook@dedecms.com,Male,62.227.0.164,"€2,65"
886,Jamie,Karlicek,jkarlicekol@over-blog.com,Female,179.239.17.216,"€1,55"
887,Jackqueline,Jacobovitz,jjacobovitzom@nbcnews.com,Female,85.209.10.124,"€5,31"
888,Mei,Robel,mrobelon@mashable.com,Female,119.97.135.185,"€4,54"
889,Saundra,Albrooke,salbrookeoo@histats.com,Male,66.128.24.34,"€5,05"
890,Theo,Vondrys,tvondrysop@jimdo.com,Female,195.77.85.116,"€2,36"
891,Cletis,Fritchly,cfritchlyoq@skype.com,Male,229.140.239.172,"€9,93"
892,Branden,Martensen,bmartensenor@theglobeandmail.com,Male,31.108.85.166,"€8,27"
893,Mickey,Weins,mweinsos@ox.ac.uk,Male,0.50.129.68,"€1,47"
894,Aleksandr,Shawel,ashawelot@sun.com,Male,180.164.244.249,"€1,62"
895,Kirstin,McGilmartin,kmcgilmartinou@exblog.jp,Female,66.13.28.223,"€2,42"
896,Idalina,Gimenez,igimenezov@ezinearticles.com,Female,11.244.1.58,"€7,87"
897,Don,Jost,djostow@shutterfly.com,Male,196.200.224.130,"€0,57"
898,Alfy,Rouch,arouchox@senate.gov,Male,244.94.114.208,"€6,60"
899,Marieann,Phillip,mphillipoy@umich.edu,Female,79.36.29.223,"€3,13"
900,Louisa,Brownlow,lbrownlowoz@mlb.com,Female,235.109.81.104,"€0,69"
901,Bennie,O'Sheeryne,bosheerynep0@networkadvertising.org,Female,29.231.137.64,"€4,45"
902,Trueman,Mayward,tmaywardp1@acquirethisname.com,Male,218.26.52.232,"€7,59"
903,Rufus,Mellers,rmellersp2@state.gov,Male,171.157.126.136,"€3,47"
904,Roman,Axelbee,raxelbeep3@wordpress.org,Male,56.199.23.230,"€4,66"
905,Hunfredo,Rotham,hrothamp4@chronoengine.com,Male,16.205.131.130,"€6,70"
906,Maxi,Cotgrave,mcotgravep5@youtu.be,Female,239.184.222.72,"€4,80"
907,Babbie,Boyde,bboydep6@people.com.cn,Female,233.127.135.127,"€9,95"
908,Melvin,Jiruca,mjirucap7@patch.com,Male,149.254.195.47,"€1,58"
909,Emilia,Sterre,esterrep8@163.com,Female,167.168.105.233,"€9,06"
910,Nyssa,Dadds,ndaddsp9@google.es,Female,104.244.37.218,"€6,89"
911,Job,Beevens,jbeevenspa@hhs.gov,Male,142.201.16.122,"€5,22"
912,Dalia,Litherborough,dlitherboroughpb@noaa.gov,Female,144.88.126.138,"€3,38"
913,Ashleigh,Million,amillionpc@auda.org.au,Female,14.213.151.241,"€5,43"
914,Gisele,Stanfield,gstanfieldpd@a8.net,Female,250.85.207.12,"€1,97"
915,Jeralee,Halesworth,jhalesworthpe@bbb.org,Female,231.215.156.123,"€8,28"
916,Jannelle,Clancy,jclancypf@phoca.cz,Female,207.38.171.111,"€3,01"
917,Peterus,Allport,pallportpg@usatoday.com,Male,13.47.55.2,"€0,90"
918,Thadeus,Durnall,tdurnallph@ocn.ne.jp,Male,198.252.89.239,"€5,46"
919,Morena,Olivey,moliveypi@ycombinator.com,Female,217.130.99.56,"€8,32"
920,Hilde,Buterton,hbutertonpj@dailymail.co.uk,Female,253.114.145.137,"€4,94"
921,Clerc,Jestico,cjesticopk@exblog.jp,Male,72.221.174.151,"€7,94"
922,Teena,Hawton,thawtonpl@tinyurl.com,Female,130.186.166.41,"€6,74"
923,Rebekah,Chastaing,rchastaingpm@tinypic.com,Female,101.97.54.137,"€5,49"
924,Jessalin,Keiley,jkeileypn@4shared.com,Female,136.232.32.70,"€9,88"
925,Erskine,Lambart,elambartpo@joomla.org,Male,192.181.130.232,"€9,51"
926,Zahara,Antonoyev,zantonoyevpp@booking.com,Female,14.17.180.154,"€6,73"
927,Bartie,Shillitoe,bshillitoepq@washingtonpost.com,Male,203.201.141.153,"€5,87"
928,Carolyn,Stendell,cstendellpr@cam.ac.uk,Female,86.0.57.143,"€4,18"
929,Robbie,De Michetti,rdemichettips@timesonline.co.uk,Male,166.142.63.205,"€1,33"
930,Asher,MacAlpin,amacalpinpt@statcounter.com,Male,223.36.48.224,"€0,98"
931,Belinda,Bellew,bbellewpu@cmu.edu,Female,145.232.215.132,"€0,34"
932,Bernard,Burnett,bburnettpv@slashdot.org,Male,224.162.132.254,"€2,27"
933,Essa,Killock,ekillockpw@github.com,Female,170.71.32.108,"€9,08"
934,Stanwood,Ellgood,sellgoodpx@wisc.edu,Male,157.41.130.1,"€7,63"
935,Zita,Novic,znovicpy@webs.com,Female,106.172.139.152,"€8,45"
936,Odetta,Mollen,omollenpz@sciencedirect.com,Female,196.60.242.71,"€5,67"
937,Lurleen,Mellers,lmellersq0@typepad.com,Female,94.150.220.2,"€6,45"
938,Daven,Janton,djantonq1@angelfire.com,Male,57.62.2.83,"€1,11"
939,Rena,Crocker,rcrockerq2@storify.com,Female,136.39.153.40,"€1,29"
940,Dari,Perl,dperlq3@bandcamp.com,Female,13.15.228.233,"€1,33"
941,Boy,Simonetto,bsimonettoq4@tuttocitta.it,Male,50.31.17.213,"€1,33"
942,Atlante,Newark,anewarkq5@newyorker.com,Female,67.151.4.98,"€4,65"
943,Melinde,Efford,meffordq6@ifeng.com,Female,92.143.173.240,"€7,32"
944,Nikolai,Darnbrook,ndarnbrookq7@ft.com,Male,42.203.153.136,"€7,12"
945,Elyse,Lambotin,elambotinq8@eepurl.com,Female,0.201.8.68,"€0,79"
946,Heida,Tarrant,htarrantq9@irs.gov,Female,211.110.172.23,"€2,36"
947,Lock,Stebbings,lstebbingsqa@livejournal.com,Male,216.47.42.207,"€4,18"
948,Scott,Nelligan,snelliganqb@hc360.com,Male,163.184.204.215,"€5,21"
949,Hadlee,Verney,hverneyqc@fema.gov,Male,191.180.33.60,"€5,56"
950,Rog,Prestedge,rprestedgeqd@utexas.edu,Male,155.26.113.235,"€8,06"
951,Brok,Huggill,bhuggillqe@merriam-webster.com,Male,59.21.75.167,"€7,59"
952,Hartley,Lesor,hlesorqf@ycombinator.com,Male,217.11.112.11,"€8,65"
953,Petr,Suddaby,psuddabyqg@house.gov,Male,127.144.198.166,"€5,32"
954,Pearline,Klee,pkleeqh@arstechnica.com,Female,215.184.94.75,"€7,32"
955,Hirsch,Weitzel,hweitzelqi@lycos.com,Male,87.8.204.157,"€1,04"
956,Elliott,Duncklee,edunckleeqj@tmall.com,Male,128.127.28.133,"€6,44"
957,Naoma,Merryweather,nmerryweatherqk@ask.com,Female,16.237.190.165,"€3,41"
958,Augusto,Coulthart,acoulthartql@chronoengine.com,Male,210.178.112.120,"€0,76"
959,Maribel,Bachs,mbachsqm@mapquest.com,Female,108.154.165.24,"€4,62"
960,Tara,Veillard,tveillardqn@yellowbook.com,Female,221.104.46.41,"€2,78"
961,Deonne,Jerche,djercheqo@ning.com,Female,48.183.72.109,"€7,61"
962,Dannie,Akast,dakastqp@pcworld.com,Female,164.87.177.114,"€3,79"
963,Vincent,Schultz,vschultzqq@earthlink.net,Male,45.1.127.246,"€7,82"
964,Daniela,Figliovanni,dfigliovanniqr@who.int,Female,248.89.0.114,"€9,93"
965,Lucien,Dreakin,ldreakinqs@gnu.org,Male,118.255.155.200,"€5,18"
966,Lilith,Hector,lhectorqt@creativecommons.org,Female,44.116.187.201,"€0,62"
967,Neal,Lowdyane,nlowdyanequ@naver.com,Male,148.58.151.173,"€6,85"
968,Pru,Raun,praunqv@google.ca,Female,123.129.122.64,"€0,02"
969,Hersch,Boase,hboaseqw@homestead.com,Male,6.206.115.188,"€5,19"
970,Jazmin,Moore,jmooreqx@answers.com,Female,230.155.179.191,"€2,45"
971,Craggy,Franchyonok,cfranchyonokqy@cbc.ca,Male,155.223.196.30,"€1,49"
972,Andros,Berrisford,aberrisfordqz@php.net,Male,227.115.193.199,"€2,19"
973,Travers,Tash,ttashr0@skyrock.com,Male,101.130.136.1,"€9,94"
974,Torrence,Tuckerman,ttuckermanr1@gnu.org,Male,72.168.233.128,"€9,99"
975,Krystal,Dalton,kdaltonr2@qq.com,Female,57.80.155.187,"€6,58"
976,Pru,Tregensoe,ptregensoer3@seattletimes.com,Female,12.139.253.116,"€1,86"
977,Hilary,Shovelin,hshovelinr4@statcounter.com,Female,155.21.72.11,"€1,30"
978,Trent,Killeley,tkilleleyr5@about.com,Male,18.161.81.108,"€3,03"
979,Hillary,Jenks,hjenksr6@xrea.com,Female,93.74.125.241,"€6,01"
980,Edsel,Waterfield,ewaterfieldr7@sfgate.com,Male,153.166.113.237,"€8,78"
981,Oralla,Hart,ohartr8@weibo.com,Female,153.47.184.213,"€1,01"
982,Bald,Antonin,bantoninr9@senate.gov,Male,73.238.229.147,"€7,02"
983,Jeanne,Ofener,jofenerra@multiply.com,Female,58.113.1.236,"€0,87"
984,De witt,Jellis,djellisrb@independent.co.uk,Male,251.30.220.103,"€7,36"
985,Derick,Beslier,dbeslierrc@macromedia.com,Male,170.232.246.59,"€2,90"
986,Jody,Tolemache,jtolemacherd@icq.com,Female,66.241.123.253,"€2,86"
987,Leopold,Devil,ldevilre@ocn.ne.jp,Male,27.216.28.160,"€3,89"
988,Vidovik,Imlen,vimlenrf@de.vu,Male,177.155.227.239,"€2,26"
989,Merwyn,Conlaund,mconlaundrg@fc2.com,Male,25.236.146.211,"€4,76"
990,Rikki,Carlyon,rcarlyonrh@pcworld.com,Male,107.115.143.188,"€5,53"
991,Hamnet,Hackforth,hhackforthri@yale.edu,Male,251.57.2.223,"€7,73"
992,Augustine,Spofforth,aspofforthrj@cnbc.com,Male,45.255.91.238,"€8,08"
993,Mikol,Shyres,mshyresrk@usatoday.com,Male,86.60.154.216,"€8,47"
994,Carolus,Brunstan,cbrunstanrl@hhs.gov,Male,2.125.230.198,"€0,67"
995,Ritchie,O'Currane,rocurranerm@dell.com,Male,214.93.120.157,"€6,00"
996,Ettore,Lapthorne,elapthornern@booking.com,Male,53.143.211.214,"€9,95"
997,Tymon,Tryme,ttrymero@ted.com,Male,220.20.24.246,"€9,25"
998,Germana,Bolingbroke,gbolingbrokerp@free.fr,Female,46.135.3.225,"€9,48"
999,Garth,D'eath,gdeathrq@cornell.edu,Male,217.129.115.230,"€7,68"
1000,Romain,Guidelli,rguidellirr@tripadvisor.com,Male,243.117.11.247,"€1,99"
