id,first_name,last_name,email,gender,ip_address,debt
1,Yasmeen,Whellans,ywhellans0@reference.com,Female,165.10.54.133,"€6,25"
2,Gayel,Rubega,grubega1@ovh.net,Female,29.86.139.70,"€7,67"
3,Tricia,Deeks,tdeeks2@sitemeter.com,Female,184.190.77.147,"€5,26"
4,Noelyn,Stitcher,nstitcher3@soundcloud.com,Female,69.210.192.67,"€8,03"
5,Phylis,Firbank,pfirbank4@nydailynews.com,Female,84.80.214.241,"€5,28"
6,Townsend,Knapper,tknapper5@deviantart.com,Male,58.13.183.81,"€9,13"
7,Greg,Eckart,geckart6@miibeian.gov.cn,Male,119.21.75.111,"€5,62"
8,Muhammad,Jayne,mjayne7@webmd.com,Male,117.73.248.182,"€5,41"
9,Wernher,Catonne,wcatonne8@icio.us,Male,60.240.100.217,"€3,48"
10,Joey,Gelderd,jgelderd9@marketwatch.com,Male,193.13.117.129,"€7,05"
11,Gwendolen,Gian,ggiana@cornell.edu,Female,43.115.66.47,"€1,20"
12,Field,Sallery,fsalleryb@state.gov,Male,139.220.248.208,"€2,03"
13,Ximenes,Niblett,xniblettc@hud.gov,Male,206.49.36.25,"€2,91"
14,Alexei,Willows,awillowsd@smugmug.com,Male,29.44.101.76,"€9,41"
15,Ruggiero,Saurin,rsaurine@google.co.jp,Male,85.161.66.31,"€8,23"
16,Lila,Leades,lleadesf@studiopress.com,Female,210.18.69.144,"€2,92"
17,Merlina,Skipperbottom,mskipperbottomg@bloomberg.com,Female,89.107.35.44,"€8,05"
18,Tatiana,Hoyt,thoyth@mapquest.com,Female,219.14.142.193,"€7,55"
19,Araldo,Jenks,ajenksi@wired.com,Male,102.177.58.182,"€0,79"
20,Arturo,Tethcote,atethcotej@topsy.com,Male,137.142.150.183,"€3,77"
21,Geneva,Renon,grenonk@e-recht24.de,Female,104.166.104.169,"€4,52"
22,David,Fielden,dfieldenl@plala.or.jp,Male,43.165.228.232,"€1,32"
23,Norean,Banck,nbanckm@constantcontact.com,Female,101.60.0.153,"€4,09"
24,Ciel,Caban,ccabann@mit.edu,Female,166.201.231.192,"€8,65"
25,Tobin,Henfre,thenfreo@wikimedia.org,Male,100.168.202.24,"€3,67"
26,Cariotta,Castro,ccastrop@eventbrite.com,Female,172.49.31.175,"€0,53"
27,Malory,Newsome,mnewsomeq@slideshare.net,Female,241.230.254.252,"€0,66"
28,Gisella,Rustman,grustmanr@elegantthemes.com,Female,240.83.211.31,"€8,03"
29,Lisle,Bramble,lbrambles@nifty.com,Male,21.23.33.245,"€5,53"
30,Gennifer,McCarroll,gmccarrollt@yale.edu,Female,151.33.139.108,"€5,47"
31,Flossi,Stockton,fstocktonu@samsung.com,Female,100.250.181.0,"€4,48"
32,Dante,Staley,dstaleyv@rambler.ru,Male,69.236.0.148,"€2,45"
33,Emeline,Wybourne,ewybournew@t.co,Female,65.189.182.152,"€1,43"
34,Clay,Kindleysides,ckindleysidesx@umn.edu,Male,230.215.42.208,"€0,99"
35,Quentin,Male,qmaley@ucsd.edu,Male,237.179.36.61,"€4,72"
36,Wilone,Pearse,wpearsez@ca.gov,Female,255.191.215.170,"€5,67"
37,Tommi,Eastlake,teastlake10@goodreads.com,Female,115.123.203.237,"€4,57"
38,Petunia,Erett,perett11@blinklist.com,Female,36.175.50.18,"€5,08"
39,Gena,Earney,gearney12@ibm.com,Female,40.44.211.90,"€0,16"
40,Bary,Harbisher,bharbisher13@geocities.jp,Male,118.173.22.107,"€7,60"
41,Brett,Prover,bprover14@eepurl.com,Female,66.182.254.240,"€6,43"
42,Maxi,Garnett,mgarnett15@dropbox.com,Female,24.104.194.246,"€6,42"
43,Patrizio,Dangl,pdangl16@webs.com,Male,237.36.165.125,"€1,32"
44,Ancell,Etherson,aetherson17@desdev.cn,Male,110.112.202.88,"€8,29"
45,Flem,Chidgey,fchidgey18@redcross.org,Male,163.121.110.96,"€2,84"
46,Staffard,Christescu,schristescu19@gizmodo.com,Male,212.138.29.131,"€7,42"
47,Wylie,Evered,wevered1a@house.gov,Male,241.212.179.75,"€0,20"
48,Laney,Eager,leager1b@tripod.com,Female,141.82.89.237,"€8,15"
49,Frederigo,Mattia,fmattia1c@prlog.org,Male,254.36.193.204,"€9,18"
50,Michel,Soro,msoro1d@aboutads.info,Male,26.106.99.90,"€4,44"
51,Geoffrey,Senior,gsenior1e@sourceforge.net,Male,131.96.231.121,"€7,88"
52,Rupert,Liveing,rliveing1f@drupal.org,Male,213.76.183.188,"€3,99"
53,Falkner,Casbourne,fcasbourne1g@elegantthemes.com,Male,39.42.101.109,"€8,72"
54,Jenifer,Labin,jlabin1h@irs.gov,Female,65.53.105.53,"€1,23"
55,Raquel,Casali,rcasali1i@deliciousdays.com,Female,106.132.11.43,"€5,83"
56,Bab,Berger,bberger1j@slashdot.org,Female,134.125.132.243,"€6,47"
57,Pennie,Champ,pchamp1k@mit.edu,Female,106.78.211.203,"€2,19"
58,Nichols,Sporrij,nsporrij1l@phoca.cz,Male,213.74.194.222,"€7,94"
59,Danit,Dobney,ddobney1m@ox.ac.uk,Female,132.131.79.239,"€8,28"
60,Lizabeth,Bumby,lbumby1n@irs.gov,Female,138.132.25.95,"€4,18"
61,Waite,Purkiss,wpurkiss1o@cbc.ca,Male,113.186.139.24,"€9,48"
62,Verne,Cutress,vcutress1p@livejournal.com,Male,145.216.20.179,"€3,49"
63,Karlie,Mc Elory,kmcelory1q@dot.gov,Female,7.47.129.117,"€7,10"
64,Grady,Horning,ghorning1r@reddit.com,Male,188.170.98.199,"€7,34"
65,Lindsy,Kippen,lkippen1s@toplist.cz,Female,58.17.25.10,"€2,72"
66,Athene,Cowing,acowing1t@imageshack.us,Female,77.4.244.166,"€1,93"
67,Danita,Boscher,dboscher1u@mozilla.com,Female,6.128.237.136,"€2,89"
68,Sydney,Crumpe,scrumpe1v@creativecommons.org,Male,68.222.24.36,"€8,39"
69,Hallsy,Rowlson,hrowlson1w@linkedin.com,Male,52.97.165.115,"€9,73"
70,Petey,Jobb,pjobb1x@latimes.com,Male,171.89.82.231,"€4,24"
71,Carolynn,Jeffries,cjeffries1y@nytimes.com,Female,91.119.219.111,"€6,62"
72,Mylo,Donnan,mdonnan1z@youtu.be,Male,215.219.110.108,"€7,20"
73,Rory,Spurden,rspurden20@yandex.ru,Female,66.86.230.99,"€1,45"
74,Eduino,Smoote,esmoote21@sourceforge.net,Male,73.157.235.182,"€6,14"
75,Ginger,MacCallum,gmaccallum22@loc.gov,Female,6.102.56.104,"€5,79"
76,Donavon,Doxsey,ddoxsey23@europa.eu,Male,74.13.228.194,"€7,81"
77,Any,Thying,athying24@taobao.com,Male,74.172.101.152,"€1,26"
78,Lelia,Brodway,lbrodway25@buzzfeed.com,Female,88.44.131.242,"€7,10"
79,Shaw,Scheffler,sscheffler26@japanpost.jp,Male,162.198.189.60,"€9,98"
80,Piggy,Glenny,pglenny27@ebay.co.uk,Male,63.216.28.17,"€1,37"
81,Jarrid,Brodnecke,jbrodnecke28@google.ca,Male,78.227.51.88,"€2,46"
82,Sher,Belfitt,sbelfitt29@pen.io,Female,123.76.107.199,"€3,15"
83,Dante,Kinney,dkinney2a@dailymail.co.uk,Male,214.209.92.57,"€2,47"
84,Adrianna,Meah,ameah2b@salon.com,Female,225.123.181.80,"€5,09"
85,Forester,Barmadier,fbarmadier2c@baidu.com,Male,250.231.147.248,"€8,16"
86,Ruddie,Grumbridge,rgrumbridge2d@comcast.net,Male,192.193.82.251,"€7,86"
87,Mariya,Scriviner,mscriviner2e@rakuten.co.jp,Female,18.170.144.185,"€0,23"
88,Pablo,Fardo,pfardo2f@washington.edu,Male,160.190.100.175,"€7,69"
89,Lamar,Braiden,lbraiden2g@microsoft.com,Male,23.141.181.219,"€3,70"
90,Hetti,Eginton,heginton2h@odnoklassniki.ru,Female,35.27.206.54,"€0,97"
91,Jereme,Saltman,jsaltman2i@dion.ne.jp,Male,17.144.127.208,"€8,91"
92,Joelle,Jeffery,jjeffery2j@discuz.net,Female,33.210.33.16,"€6,84"
93,Axe,Godber,agodber2k@ameblo.jp,Male,36.176.71.224,"€9,08"
94,Cathrine,Huttley,chuttley2l@surveymonkey.com,Female,133.134.67.242,"€7,53"
95,Nicolle,Warrender,nwarrender2m@flickr.com,Female,189.27.170.94,"€8,11"
96,Lurlene,Sayre,lsayre2n@merriam-webster.com,Female,32.28.46.174,"€0,64"
97,Stinky,Andrassy,sandrassy2o@bloglovin.com,Male,31.96.76.212,"€5,23"
98,Dorelle,Schober,dschober2p@google.ca,Female,98.240.117.163,"€9,85"
99,Care,Jeannel,cjeannel2q@deliciousdays.com,Male,215.137.1.149,"€5,46"
100,Lazare,Durie,ldurie2r@e-recht24.de,Male,172.100.231.126,"€6,48"
101,Wynnie,Baines,wbaines2s@photobucket.com,Female,253.189.168.118,"€9,59"
102,Flo,Dikes,fdikes2t@mac.com,Female,78.93.255.127,"€4,17"
103,Chalmers,Mooney,cmooney2u@businessinsider.com,Male,190.231.82.241,"€6,82"
104,Christiana,Palffy,cpalffy2v@aol.com,Female,37.186.130.171,"€6,27"
105,Selena,Lowdes,slowdes2w@shop-pro.jp,Female,24.179.239.92,"€4,34"
106,Mikel,Lambole,mlambole2x@engadget.com,Male,173.136.217.211,"€0,36"
107,Derry,Kennedy,dkennedy2y@studiopress.com,Male,15.197.75.14,"€2,38"
108,Erwin,Beals,ebeals2z@cargocollective.com,Male,191.138.58.94,"€9,54"
109,Clarinda,Young,cyoung30@columbia.edu,Female,159.200.106.81,"€3,44"
110,Caspar,Pennoni,cpennoni31@shinystat.com,Male,190.45.242.134,"€6,07"
111,Leonerd,Aveline,laveline32@nsw.gov.au,Male,14.100.169.49,"€1,43"
112,Nye,Richard,nrichard33@cbsnews.com,Male,213.88.105.247,"€1,04"
113,Sibby,Coey,scoey34@webeden.co.uk,Female,159.133.232.94,"€1,66"
114,Baird,Franciotti,bfranciotti35@google.de,Male,98.188.96.57,"€4,02"
115,Roy,Schulke,rschulke36@sciencedirect.com,Male,7.47.129.254,"€7,63"
116,Beatrix,Cattermoul,bcattermoul37@redcross.org,Female,151.226.39.245,"€6,89"
117,Kain,Hellis,khellis38@vk.com,Male,153.225.26.78,"€9,93"
118,Kippie,Benedtti,kbenedtti39@sakura.ne.jp,Male,173.235.108.42,"€3,71"
119,Cosme,Leinster,cleinster3a@wikia.com,Male,249.63.122.58,"€0,46"
120,Kimble,Donativo,kdonativo3b@sohu.com,Male,26.21.133.40,"€9,35"
121,Jerrome,Whatham,jwhatham3c@home.pl,Male,17.94.56.67,"€3,91"
122,Ivett,Lodge,ilodge3d@booking.com,Female,254.205.243.130,"€1,35"
123,Alida,Cossom,acossom3e@google.cn,Female,61.32.117.4,"€0,86"
124,Rennie,Antham,rantham3f@friendfeed.com,Female,27.231.142.88,"€1,26"
125,Hamnet,Bilsland,hbilsland3g@cbc.ca,Male,115.79.10.132,"€3,52"
126,Jolene,Titterell,jtitterell3h@dion.ne.jp,Female,88.43.158.63,"€1,48"
127,Terri,Hayford,thayford3i@house.gov,Female,165.198.34.198,"€3,10"
128,Amata,Vargas,avargas3j@soup.io,Female,61.161.44.100,"€4,73"
129,Stanfield,Flude,sflude3k@gnu.org,Male,218.131.181.248,"€7,73"
130,Griz,Malec,gmalec3l@networkadvertising.org,Male,182.173.218.85,"€7,86"
131,Rex,Abramzon,rabramzon3m@forbes.com,Male,14.62.119.181,"€6,50"
132,Ardella,Innett,ainnett3n@sina.com.cn,Female,1.66.169.233,"€0,57"
133,Edgard,Ephgrave,eephgrave3o@mit.edu,Male,78.83.90.122,"€1,26"
134,Harmony,Wathen,hwathen3p@utexas.edu,Female,43.143.62.68,"€0,51"
135,Israel,Gilbart,igilbart3q@ted.com,Male,241.6.66.246,"€3,12"
136,Wallace,Colter,wcolter3r@state.tx.us,Male,123.103.100.146,"€0,53"
137,Hilde,Bauduin,hbauduin3s@latimes.com,Female,209.100.157.43,"€7,35"
138,Philbert,Muffitt,pmuffitt3t@angelfire.com,Male,226.12.33.131,"€5,55"
139,Abbott,Brickner,abrickner3u@bluehost.com,Male,32.201.83.217,"€4,41"
140,Olimpia,Orht,oorht3v@simplemachines.org,Female,16.127.32.168,"€2,31"
141,Dierdre,Kindread,dkindread3w@ameblo.jp,Female,98.145.63.227,"€1,16"
142,Esra,Zaple,ezaple3x@yandex.ru,Male,211.125.138.146,"€10,00"
143,Faulkner,Bindley,fbindley3y@so-net.ne.jp,Male,180.186.54.246,"€4,50"
144,Budd,Mc Meekin,bmcmeekin3z@ameblo.jp,Male,202.153.148.199,"€6,93"
145,Richie,Nenci,rnenci40@marketwatch.com,Male,143.81.232.96,"€2,73"
146,Nadeen,Theml,ntheml41@scientificamerican.com,Female,167.237.255.176,"€6,71"
147,Regan,Segeswoeth,rsegeswoeth42@bbc.co.uk,Female,112.0.124.224,"€6,05"
148,Ezri,Baldassi,ebaldassi43@wikimedia.org,Male,147.246.148.101,"€8,01"
149,North,Hegdonne,nhegdonne44@gov.uk,Male,88.186.250.180,"€3,13"
150,Baron,Crombie,bcrombie45@pagesperso-orange.fr,Male,219.116.188.238,"€4,82"
151,Rollo,Loosemore,rloosemore46@harvard.edu,Male,141.208.144.101,"€9,13"
152,Roarke,Simony,rsimony47@diigo.com,Male,166.151.30.21,"€7,87"
153,Aldon,Lehrian,alehrian48@businessinsider.com,Male,7.174.250.119,"€3,71"
154,Reynolds,Abbes,rabbes49@baidu.com,Male,40.220.115.25,"€1,74"
155,Raimundo,Moncey,rmoncey4a@si.edu,Male,247.186.96.212,"€4,81"
156,Kissiah,Courtin,kcourtin4b@reuters.com,Female,142.241.219.230,"€4,85"
157,Linnie,Conerding,lconerding4c@digg.com,Female,15.1.180.111,"€0,19"
158,Colly,Scougall,cscougall4d@arizona.edu,Female,14.187.221.167,"€8,30"
159,Darbee,Muller,dmuller4e@apple.com,Male,66.42.147.97,"€7,27"
160,Brianne,Keighly,bkeighly4f@statcounter.com,Female,164.148.194.63,"€9,51"
161,Jeromy,Coat,jcoat4g@dion.ne.jp,Male,17.207.210.206,"€2,23"
162,Libbie,Beeckx,lbeeckx4h@ycombinator.com,Female,143.160.79.153,"€5,35"
163,Kilian,Whipp,kwhipp4i@state.gov,Male,217.179.137.139,"€1,88"
164,Iona,Yockley,iyockley4j@angelfire.com,Female,58.164.178.171,"€8,73"
165,Suzette,Sawday,ssawday4k@php.net,Female,126.83.162.25,"€5,26"
166,Kylynn,Cottel,kcottel4l@va.gov,Female,28.56.118.70,"€2,98"
167,Mariquilla,Curless,mcurless4m@ucoz.com,Female,136.29.224.155,"€5,99"
168,Rikki,Yurmanovev,ryurmanovev4n@symantec.com,Female,229.62.19.193,"€4,95"
169,Yehudi,MacNamee,ymacnamee4o@techcrunch.com,Male,253.174.252.212,"€6,11"
170,Sauveur,Tennison,stennison4p@spotify.com,Male,187.53.49.171,"€0,65"
171,Eddi,Taig,etaig4q@g.co,Female,130.88.244.52,"€2,80"
172,Suellen,Armiger,sarmiger4r@angelfire.com,Female,115.86.203.50,"€0,63"
173,Abbey,Duley,aduley4s@cmu.edu,Female,153.235.31.192,"€0,39"
174,Zacharias,Groucutt,zgroucutt4t@psu.edu,Male,66.127.45.243,"€3,47"
175,Willey,McNevin,wmcnevin4u@umich.edu,Male,255.179.209.170,"€2,05"
176,Celinka,Tallquist,ctallquist4v@hatena.ne.jp,Female,123.236.237.137,"€2,81"
177,Katharina,Wright,kwright4w@paginegialle.it,Female,226.43.165.149,"€6,12"
178,Thomasin,Dougliss,tdougliss4x@twitpic.com,Female,38.25.221.80,"€8,46"
179,Bogey,Gommey,bgommey4y@cafepress.com,Male,223.121.219.123,"€9,77"
180,Gualterio,Rainer,grainer4z@chicagotribune.com,Male,57.94.126.230,"€7,89"
181,Karlyn,Kidwell,kkidwell50@cdc.gov,Female,190.166.235.238,"€1,80"
182,Rorke,Ranaghan,rranaghan51@sbwire.com,Male,228.8.103.136,"€9,57"
183,Niels,Skillicorn,nskillicorn52@ed.gov,Male,150.44.82.180,"€7,02"
184,Ophelie,Alyoshin,oalyoshin53@adobe.com,Female,239.201.16.96,"€8,49"
185,Hilde,Daine,hdaine54@nyu.edu,Female,37.68.96.114,"€1,58"
186,Timofei,Sillars,tsillars55@paypal.com,Male,129.160.224.79,"€0,63"
187,Doug,Dighton,ddighton56@behance.net,Male,210.81.94.107,"€5,92"
188,Ashton,Waterhouse,awaterhouse57@mozilla.org,Male,205.49.73.159,"€9,49"
189,Stacy,Shepherdson,sshepherdson58@reverbnation.com,Female,232.7.51.250,"€2,54"
190,Carey,Beach,cbeach59@abc.net.au,Female,127.80.48.204,"€8,70"
191,Emlen,Venediktov,evenediktov5a@statcounter.com,Male,201.3.21.160,"€6,56"
192,Claire,Swiggs,cswiggs5b@a8.net,Female,184.179.199.77,"€3,07"
193,Karoly,Yakob,kyakob5c@wix.com,Male,203.148.52.253,"€5,62"
194,Reinhold,MacLaig,rmaclaig5d@disqus.com,Male,149.172.247.9,"€2,55"
195,Susana,Glascott,sglascott5e@163.com,Female,241.9.163.86,"€6,90"
196,Anetta,Rostern,arostern5f@ebay.co.uk,Female,68.136.215.158,"€8,61"
197,Collette,Izhaky,cizhaky5g@answers.com,Female,147.87.164.45,"€1,37"
198,Brady,Witcherley,bwitcherley5h@bbc.co.uk,Male,67.247.171.100,"€6,42"
199,Gena,Lodwig,glodwig5i@ucla.edu,Female,184.254.115.191,"€4,10"
200,Mallorie,Hallyburton,mhallyburton5j@google.cn,Female,235.104.68.246,"€9,18"
201,Reider,Petrakov,rpetrakov5k@e-recht24.de,Male,152.95.204.220,"€1,68"
202,Field,Danielsky,fdanielsky5l@joomla.org,Male,108.183.4.103,"€5,67"
203,Moira,McGarrell,mmcgarrell5m@bing.com,Female,10.56.17.81,"€0,67"
204,Gare,Bourget,gbourget5n@over-blog.com,Male,235.135.172.48,"€5,73"
205,Bartolemo,Demanche,bdemanche5o@weather.com,Male,180.168.79.63,"€8,23"
206,Hyatt,Radloff,hradloff5p@washington.edu,Male,218.16.232.64,"€1,58"
207,Onfroi,Spellward,ospellward5q@tmall.com,Male,194.187.252.185,"€8,55"
208,Gino,O'Dwyer,godwyer5r@blinklist.com,Male,167.123.147.43,"€5,46"
209,Gregorius,Douce,gdouce5s@issuu.com,Male,101.225.150.228,"€5,69"
210,Llywellyn,Brant,lbrant5t@tinyurl.com,Male,173.30.1.200,"€9,06"
211,Fitz,Rosenbusch,frosenbusch5u@soup.io,Male,87.41.58.77,"€8,67"
212,Tabor,Tesh,ttesh5v@jugem.jp,Male,64.107.238.161,"€6,68"
213,Malchy,Barstock,mbarstock5w@qq.com,Male,160.72.235.148,"€6,18"
214,Kassey,Geratasch,kgeratasch5x@mozilla.com,Female,57.164.185.39,"€4,75"
215,Anatole,Lawlie,alawlie5y@upenn.edu,Male,59.254.143.163,"€6,53"
216,Paulie,Ludford,pludford5z@over-blog.com,Male,173.240.176.239,"€9,82"
217,Vallie,Krelle,vkrelle60@answers.com,Female,78.200.192.200,"€0,81"
218,Etan,Loch,eloch61@pagesperso-orange.fr,Male,123.101.194.244,"€6,74"
219,Everard,Snuggs,esnuggs62@google.nl,Male,11.110.236.152,"€7,78"
220,Toiboid,Duxbarry,tduxbarry63@skyrock.com,Male,200.189.152.175,"€1,18"
221,Rozanna,Venditto,rvenditto64@jugem.jp,Female,175.50.111.224,"€1,17"
222,Bernadine,Records,brecords65@apple.com,Female,191.44.9.4,"€6,16"
223,Elysia,MacCambridge,emaccambridge66@loc.gov,Female,156.236.116.124,"€4,29"
224,Gwyneth,Clac,gclac67@tripadvisor.com,Female,68.46.251.221,"€7,79"
225,Bethanne,Geraldez,bgeraldez68@1688.com,Female,210.45.212.25,"€6,06"
226,Aubine,Letherbury,aletherbury69@nymag.com,Female,255.49.175.212,"€7,49"
227,Jorrie,Crevagh,jcrevagh6a@geocities.jp,Female,106.184.31.148,"€1,53"
228,Glynn,Gammack,ggammack6b@privacy.gov.au,Male,130.107.100.19,"€5,77"
229,Di,Peddowe,dpeddowe6c@furl.net,Female,172.55.17.161,"€6,14"
230,Gypsy,Haysman,ghaysman6d@google.de,Female,69.151.96.41,"€1,67"
231,Bee,Corradengo,bcorradengo6e@sakura.ne.jp,Female,144.14.129.42,"€1,05"
232,Maynard,Jizhaki,mjizhaki6f@ucoz.com,Male,200.207.109.210,"€4,21"
233,Tedd,Yukhin,tyukhin6g@arstechnica.com,Male,119.233.120.216,"€4,48"
234,Roze,Moyer,rmoyer6h@craigslist.org,Female,177.133.231.39,"€3,12"
235,Dinnie,Rigby,drigby6i@1688.com,Female,98.126.113.11,"€2,78"
236,Maurie,Imlock,mimlock6j@globo.com,Male,153.217.154.235,"€8,63"
237,Remus,Finey,rfiney6k@lycos.com,Male,119.197.32.97,"€3,82"
238,Cari,Longhi,clonghi6l@de.vu,Female,57.209.19.33,"€8,30"
239,Henderson,Hazlewood,hhazlewood6m@topsy.com,Male,52.149.1.95,"€5,71"
240,Gabriell,Peron,gperon6n@weather.com,Female,89.101.16.173,"€8,66"
241,Lance,Antoniat,lantoniat6o@mashable.com,Male,14.47.237.23,"€7,02"
242,Eadmund,Shewen,eshewen6p@plala.or.jp,Male,1.248.94.39,"€8,61"
243,Leyla,Blabey,lblabey6q@eepurl.com,Female,78.200.147.226,"€5,66"
244,Abbott,Kelshaw,akelshaw6r@fastcompany.com,Male,17.84.213.3,"€5,43"
245,Lenard,Worg,lworg6s@vistaprint.com,Male,175.189.143.0,"€6,64"
246,Hyacinthie,Dibdin,hdibdin6t@hp.com,Female,155.53.142.67,"€9,01"
247,Emmit,McIlmurray,emcilmurray6u@edublogs.org,Male,40.220.105.252,"€1,86"
248,Josepha,Dawidman,jdawidman6v@hud.gov,Female,192.130.41.202,"€3,94"
249,Hali,Semonin,hsemonin6w@facebook.com,Female,49.20.106.130,"€2,42"
250,Palmer,Manilo,pmanilo6x@moonfruit.com,Male,139.166.226.156,"€2,38"
251,Tomas,Trainer,ttrainer6y@163.com,Male,225.123.20.41,"€7,79"
252,Iggy,Ivanov,iivanov6z@mayoclinic.com,Male,52.133.87.129,"€3,75"
253,Warren,Adrien,wadrien70@mlb.com,Male,230.241.66.52,"€9,76"
254,Anabel,McLuckie,amcluckie71@nih.gov,Female,121.208.163.100,"€8,85"
255,Lorry,Purkins,lpurkins72@epa.gov,Female,66.142.239.29,"€6,50"
256,Tadeo,Collicott,tcollicott73@nih.gov,Male,142.122.6.185,"€7,46"
257,Ulrich,Libby,ulibby74@discuz.net,Male,22.165.142.107,"€8,17"
258,Brigid,Silman,bsilman75@miitbeian.gov.cn,Female,108.105.171.31,"€8,60"
259,Gratia,Kennsley,gkennsley76@g.co,Female,215.209.216.46,"€5,03"
260,Travus,Richings,trichings77@admin.ch,Male,4.17.84.227,"€0,59"
261,Brock,Sendley,bsendley78@sakura.ne.jp,Male,97.237.71.118,"€5,70"
262,Brandy,Latan,blatan79@so-net.ne.jp,Female,242.238.73.141,"€4,11"
263,Baxter,Chinnick,bchinnick7a@tuttocitta.it,Male,114.222.174.82,"€3,48"
264,Kellby,Penbarthy,kpenbarthy7b@msn.com,Male,60.206.182.17,"€2,38"
265,Rog,Nicely,rnicely7c@technorati.com,Male,19.103.133.147,"€2,97"
266,Nara,Trask,ntrask7d@google.pl,Female,109.246.162.58,"€4,06"
267,Margeaux,Feore,mfeore7e@usnews.com,Female,239.82.196.88,"€4,04"
268,Dredi,Dodman,ddodman7f@bbc.co.uk,Female,60.255.150.130,"€9,84"
269,Maurise,Maruszewski,mmaruszewski7g@imageshack.us,Female,236.213.50.16,"€1,73"
270,Cletus,Ashenhurst,cashenhurst7h@over-blog.com,Male,171.24.192.114,"€1,36"
271,Stanford,Gotcliffe,sgotcliffe7i@printfriendly.com,Male,243.192.111.32,"€6,36"
272,Artemus,Botha,abotha7j@github.io,Male,133.143.16.169,"€6,95"
273,Sacha,Robken,srobken7k@dailymail.co.uk,Female,163.10.73.24,"€8,76"
274,Dorie,Dawidowsky,ddawidowsky7l@samsung.com,Male,126.162.232.148,"€9,77"
275,Raynell,Ouldcott,rouldcott7m@google.pl,Female,244.112.23.181,"€3,72"
276,Ermanno,Eschalotte,eeschalotte7n@nsw.gov.au,Male,235.75.107.238,"€9,45"
277,Kimberlee,Koubu,kkoubu7o@themeforest.net,Female,135.183.41.210,"€4,46"
278,Valene,Cathersides,vcathersides7p@cloudflare.com,Female,212.153.131.152,"€6,97"
279,Ginelle,Jilliss,gjilliss7q@pinterest.com,Female,195.147.8.145,"€0,67"
280,Reynold,Tinwell,rtinwell7r@washington.edu,Male,142.63.137.119,"€7,36"
281,Cassy,Haglinton,chaglinton7s@tripod.com,Female,12.54.245.75,"€0,87"
282,Yovonnda,Caccavale,ycaccavale7t@cloudflare.com,Female,183.186.59.28,"€7,60"
283,Field,Dik,fdik7u@jigsy.com,Male,52.159.136.52,"€0,54"
284,Natalya,Cholmondeley,ncholmondeley7v@netscape.com,Female,28.198.43.18,"€0,59"
285,Clarabelle,McIlwraith,cmcilwraith7w@vinaora.com,Female,113.127.76.52,"€5,15"
286,Eugenia,Skehens,eskehens7x@chron.com,Female,29.154.252.85,"€3,81"
287,Martainn,Moorfield,mmoorfield7y@360.cn,Male,31.184.74.119,"€1,49"
288,Cacilie,Bedinn,cbedinn7z@weather.com,Female,34.57.11.60,"€2,84"
289,Linc,Shortt,lshortt80@twitter.com,Male,157.190.42.1,"€9,51"
290,Eleanor,Fabry,efabry81@ibm.com,Female,221.245.170.208,"€4,52"
291,Paton,Butting,pbutting82@jiathis.com,Male,85.91.214.234,"€7,82"
292,Teodoro,Tabourin,ttabourin83@lycos.com,Male,187.61.117.145,"€8,31"
293,Farlay,Gerauld,fgerauld84@msu.edu,Male,107.215.247.120,"€8,25"
294,Kelsi,Coomes,kcoomes85@deliciousdays.com,Female,154.252.144.173,"€8,65"
295,Bastien,Crabbe,bcrabbe86@state.gov,Male,55.103.203.27,"€1,49"
296,Huntlee,Bubb,hbubb87@google.pl,Male,74.205.252.114,"€9,15"
297,Urson,Minker,uminker88@springer.com,Male,169.219.224.165,"€0,40"
298,Etan,Jessett,ejessett89@mapy.cz,Male,51.180.46.110,"€9,51"
299,Knox,Oldroyde,koldroyde8a@sphinn.com,Male,70.146.80.77,"€8,10"
300,Shantee,Satcher,ssatcher8b@imageshack.us,Female,149.174.115.230,"€9,08"
301,Dahlia,Ciccone,dciccone8c@cbslocal.com,Female,134.225.252.83,"€7,81"
302,Lonny,Dietz,ldietz8d@fda.gov,Male,186.60.77.198,"€7,53"
303,Bartholomew,O'Fallowne,bofallowne8e@360.cn,Male,152.49.245.57,"€4,01"
304,Xenia,Hassard,xhassard8f@harvard.edu,Female,160.153.72.194,"€0,17"
305,Hube,Wickman,hwickman8g@hhs.gov,Male,191.227.47.207,"€9,00"
306,Nadeen,Grelik,ngrelik8h@acquirethisname.com,Female,137.53.248.232,"€2,27"
307,Miran,Littlejohn,mlittlejohn8i@springer.com,Female,242.202.121.178,"€1,97"
308,Cari,Chanson,cchanson8j@webnode.com,Female,204.27.74.226,"€3,42"
309,Thelma,Dimbleby,tdimbleby8k@360.cn,Female,225.191.128.49,"€0,85"
310,Blinnie,Eglin,beglin8l@miibeian.gov.cn,Female,47.19.4.164,"€7,85"
311,Ursa,Cluer,ucluer8m@drupal.org,Female,201.112.53.179,"€5,18"
312,Clarence,Briance,cbriance8n@mit.edu,Male,201.40.17.106,"€7,89"
313,Gustav,Blackey,gblackey8o@sogou.com,Male,170.2.244.185,"€3,70"
314,Roselle,Wadie,rwadie8p@bluehost.com,Female,210.56.35.107,"€4,81"
315,Mathilde,Shildrick,mshildrick8q@clickbank.net,Female,213.93.134.32,"€5,52"
316,Malory,Oleszkiewicz,moleszkiewicz8r@e-recht24.de,Female,70.77.198.121,"€0,38"
317,Read,Alecock,ralecock8s@usatoday.com,Male,250.171.34.82,"€9,22"
318,Brendis,Commucci,bcommucci8t@wp.com,Male,206.31.38.53,"€2,45"
319,Kippy,Ovesen,kovesen8u@kickstarter.com,Male,216.214.107.179,"€2,86"
320,Gillie,Le Sarr,glesarr8v@noaa.gov,Female,166.209.92.135,"€8,18"
321,Frayda,Piccop,fpiccop8w@goodreads.com,Female,219.200.9.12,"€2,38"
322,Guido,Pigford,gpigford8x@buzzfeed.com,Male,109.109.33.34,"€8,36"
323,Gris,Aps,gaps8y@bizjournals.com,Male,160.37.128.141,"€0,55"
324,Emili,Bertouloume,ebertouloume8z@slideshare.net,Female,122.85.117.241,"€1,04"
325,Konstance,Shadrach,kshadrach90@list-manage.com,Female,143.195.181.32,"€4,64"
326,Edsel,Scutts,escutts91@facebook.com,Male,126.127.171.78,"€2,43"
327,Bethanne,Van den Hof,bvandenhof92@umn.edu,Female,178.160.79.194,"€0,11"
328,Nolie,Hugland,nhugland93@sciencedaily.com,Female,13.12.3.30,"€1,34"
329,Mace,McCafferky,mmccafferky94@freewebs.com,Male,196.89.103.55,"€4,85"
330,Cherise,Lippingwell,clippingwell95@typepad.com,Female,18.4.71.193,"€1,13"
331,Myrilla,McGiven,mmcgiven96@acquirethisname.com,Female,54.0.37.215,"€9,61"
332,Eal,Paullin,epaullin97@wordpress.com,Male,254.157.198.196,"€0,01"
333,Antonetta,Pagnin,apagnin98@booking.com,Female,50.106.119.239,"€8,06"
334,Nicoline,Scurry,nscurry99@cnbc.com,Female,188.145.32.152,"€7,67"
335,Emilia,Ferraraccio,eferraraccio9a@domainmarket.com,Female,132.238.58.1,"€0,23"
336,Hunt,Harmer,hharmer9b@about.me,Male,207.187.47.136,"€4,17"
337,Salvador,Strivens,sstrivens9c@artisteer.com,Male,70.41.29.113,"€8,21"
338,Gusty,Holdin,gholdin9d@wunderground.com,Female,163.167.127.67,"€0,05"
339,Rouvin,Venables,rvenables9e@jugem.jp,Male,248.10.14.214,"€4,88"
340,Patsy,Skynner,pskynner9f@google.com,Male,242.253.209.145,"€0,08"
341,Anallese,Broddle,abroddle9g@parallels.com,Female,181.143.1.92,"€2,28"
342,Brenna,Arboin,barboin9h@economist.com,Female,235.118.216.130,"€7,23"
343,Bay,Kynton,bkynton9i@baidu.com,Male,254.148.84.62,"€5,55"
344,Marjy,Denkel,mdenkel9j@yandex.ru,Female,6.133.98.234,"€4,70"
345,Florella,Stops,fstops9k@elpais.com,Female,109.192.207.106,"€7,24"
346,Muire,Gilberthorpe,mgilberthorpe9l@google.ca,Female,60.35.209.147,"€3,67"
347,Mendie,Baynham,mbaynham9m@twitpic.com,Male,158.93.211.54,"€6,68"
348,Nelly,Dowe,ndowe9n@rakuten.co.jp,Female,70.24.99.245,"€2,04"
349,Isaac,Greengrass,igreengrass9o@163.com,Male,154.235.194.125,"€8,94"
350,Connor,Juszczyk,cjuszczyk9p@stanford.edu,Male,47.30.33.91,"€6,22"
351,Milli,Coffin,mcoffin9q@blogger.com,Female,205.214.239.109,"€4,79"
352,Misti,Hegges,mhegges9r@w3.org,Female,242.167.146.28,"€9,13"
353,Aloin,O'Hearn,aohearn9s@cbc.ca,Male,251.30.121.254,"€7,94"
354,Tera,Condon,tcondon9t@about.com,Female,178.248.191.205,"€2,34"
355,Naomi,Thistleton,nthistleton9u@theatlantic.com,Female,224.235.8.71,"€2,20"
356,Aidan,Macoun,amacoun9v@rediff.com,Female,249.104.57.137,"€2,29"
357,Nathanael,Joel,njoel9w@howstuffworks.com,Male,192.41.43.183,"€4,79"
358,Chad,Nutley,cnutley9x@salon.com,Female,69.7.179.136,"€7,64"
359,Hillier,McSorley,hmcsorley9y@cloudflare.com,Male,245.67.3.54,"€6,90"
360,Byrann,Addey,baddey9z@friendfeed.com,Male,61.42.196.106,"€0,90"
361,Giuditta,Hardistry,ghardistrya0@digg.com,Female,155.66.174.104,"€3,95"
362,Mariel,Devine,mdevinea1@newyorker.com,Female,198.67.45.71,"€8,71"
363,Brear,Nairn,bnairna2@issuu.com,Female,5.150.148.226,"€5,54"
364,Karrah,Bucklan,kbucklana3@unicef.org,Female,196.30.176.135,"€3,58"
365,Orton,Bernardeschi,obernardeschia4@photobucket.com,Male,27.231.89.1,"€8,86"
366,Dani,Adrian,dadriana5@infoseek.co.jp,Female,124.125.175.42,"€7,90"
367,Normand,MacDunleavy,nmacdunleavya6@google.co.jp,Male,229.95.29.166,"€2,41"
368,Alverta,Muzzullo,amuzzulloa7@nifty.com,Female,109.105.143.108,"€4,42"
369,Myron,Urch,murcha8@amazonaws.com,Male,62.229.5.130,"€4,64"
370,Shay,Beet,sbeeta9@dailymail.co.uk,Female,112.122.238.137,"€5,55"
371,Dennie,Ingle,dingleaa@i2i.jp,Male,92.85.167.16,"€7,13"
372,Quill,Newlan,qnewlanab@e-recht24.de,Male,120.157.39.93,"€2,94"
373,Kile,Culbard,kculbardac@angelfire.com,Male,127.88.239.26,"€2,08"
374,Rodina,Veillard,rveillardad@ucsd.edu,Female,12.213.139.94,"€8,88"
375,Brigg,Lissimore,blissimoreae@typepad.com,Male,84.114.249.244,"€2,57"
376,Amabelle,Cyseley,acyseleyaf@goo.gl,Female,16.221.122.60,"€8,39"
377,Delphinia,Zanicchelli,dzanicchelliag@rakuten.co.jp,Female,210.9.212.86,"€1,09"
378,Queenie,Lightollers,qlightollersah@alexa.com,Female,166.174.60.19,"€7,59"
379,Elwin,Stewartson,estewartsonai@sfgate.com,Male,229.246.151.247,"€3,66"
380,Sayres,Hodjetts,shodjettsaj@discuz.net,Male,58.191.61.96,"€4,44"
381,Hewe,Galiford,hgalifordak@home.pl,Male,81.248.120.152,"€0,63"
382,Phebe,Tesmond,ptesmondal@google.fr,Female,28.107.13.59,"€5,94"
383,Candi,Scarisbrick,cscarisbrickam@yahoo.co.jp,Female,208.176.217.110,"€0,09"
384,Maybelle,Capstaff,mcapstaffan@paginegialle.it,Female,128.223.118.65,"€9,51"
385,Deane,Baseke,dbasekeao@scribd.com,Female,188.158.228.215,"€4,19"
386,Thaine,Styles,tstylesap@icq.com,Male,110.115.237.239,"€3,12"
387,Corenda,Hardern,chardernaq@mapquest.com,Female,181.68.164.153,"€8,97"
388,Galen,Cottam,gcottamar@twitter.com,Male,59.223.200.217,"€4,45"
389,Valentia,McNelis,vmcnelisas@desdev.cn,Female,255.250.147.143,"€6,01"
390,Creigh,Patillo,cpatilloat@twitter.com,Male,225.255.169.148,"€5,07"
391,Nari,Sime,nsimeau@godaddy.com,Female,168.136.96.41,"€4,04"
392,Judd,Adamczyk,jadamczykav@amazon.co.uk,Male,255.50.74.216,"€5,21"
393,Eada,Purle,epurleaw@unicef.org,Female,104.219.176.138,"€9,80"
394,Vin,Pate,vpateax@umich.edu,Female,90.240.16.183,"€7,86"
395,Tana,Tarply,ttarplyay@marketwatch.com,Female,33.189.141.78,"€2,41"
396,Burt,Arnopp,barnoppaz@twitter.com,Male,66.229.241.153,"€1,81"
397,De witt,Palethorpe,dpalethorpeb0@bbc.co.uk,Male,220.232.190.14,"€4,00"
398,Nichole,Grey,ngreyb1@stumbleupon.com,Female,194.214.136.13,"€4,10"
399,Donielle,Gwyer,dgwyerb2@springer.com,Female,161.37.55.74,"€1,41"
400,Seth,Micheu,smicheub3@tumblr.com,Male,79.186.123.28,"€2,55"
401,Maynard,Thrush,mthrushb4@angelfire.com,Male,190.244.165.79,"€3,80"
402,Tiphany,Melesk,tmeleskb5@deviantart.com,Female,98.165.243.57,"€7,17"
403,Bondie,Gorstidge,bgorstidgeb6@homestead.com,Male,29.223.143.24,"€2,64"
404,Ricoriki,Wrey,rwreyb7@usa.gov,Male,170.103.120.58,"€5,18"
405,Linette,Luff,lluffb8@usatoday.com,Female,250.161.6.148,"€0,52"
406,Uriel,Zecchii,uzecchiib9@baidu.com,Male,10.252.222.217,"€5,42"
407,Vilma,Hamlett,vhamlettba@sakura.ne.jp,Female,23.141.19.169,"€7,70"
408,Ame,Gullifant,agullifantbb@pagesperso-orange.fr,Female,113.221.254.188,"€8,94"
409,Aldridge,Pancoast,apancoastbc@disqus.com,Male,9.109.171.182,"€2,94"
410,Ber,Stoite,bstoitebd@msu.edu,Male,249.174.81.46,"€6,85"
411,Woody,Woolfoot,wwoolfootbe@1688.com,Male,129.140.90.62,"€4,58"
412,Donnell,Meltetal,dmeltetalbf@tinyurl.com,Male,106.151.115.109,"€9,87"
413,Townsend,Sieghard,tsieghardbg@mac.com,Male,169.186.1.242,"€5,07"
414,Melba,Jakubski,mjakubskibh@blogs.com,Female,190.219.51.240,"€2,41"
415,Clemente,Aindrais,caindraisbi@nsw.gov.au,Male,150.64.107.61,"€7,52"
416,Alana,Schouthede,aschouthedebj@jigsy.com,Female,80.216.83.212,"€2,68"
417,Hillel,Dingley,hdingleybk@elpais.com,Male,238.55.75.170,"€9,02"
418,Kipp,Altham,kalthambl@angelfire.com,Female,54.74.219.230,"€5,84"
419,Normy,Clemonts,nclemontsbm@pcworld.com,Male,13.157.229.97,"€5,24"
420,Thurston,Eardley,teardleybn@nba.com,Male,16.106.241.148,"€3,31"
421,Jeannine,Lugsdin,jlugsdinbo@artisteer.com,Female,67.241.157.76,"€4,77"
422,Harrie,Euston,heustonbp@usnews.com,Female,61.214.162.195,"€1,80"
423,Jilleen,Folker,jfolkerbq@furl.net,Female,110.193.240.91,"€8,50"
424,Dian,Hitcham,dhitchambr@nps.gov,Female,58.52.8.251,"€5,35"
425,Chucho,Bergeau,cbergeaubs@live.com,Male,47.205.36.119,"€5,66"
426,Jackie,Maciunas,jmaciunasbt@creativecommons.org,Male,202.220.81.94,"€3,62"
427,Emmy,Warmisham,ewarmishambu@imageshack.us,Male,64.37.42.16,"€8,05"
428,Isidor,Arkow,iarkowbv@discovery.com,Male,240.37.21.72,"€9,66"
429,Sherry,Finch,sfinchbw@studiopress.com,Female,232.164.193.139,"€3,39"
430,Geraldine,Le Marquis,glemarquisbx@guardian.co.uk,Female,183.126.159.181,"€2,83"
431,Rusty,Ledgerton,rledgertonby@indiegogo.com,Male,190.172.185.68,"€4,96"
432,Ottilie,Mitkin,omitkinbz@ucsd.edu,Female,27.81.150.80,"€3,24"
433,Andra,Tuddenham,atuddenhamc0@gnu.org,Female,65.39.251.110,"€5,08"
434,Giustino,O'Garmen,gogarmenc1@sohu.com,Male,9.16.33.252,"€3,30"
435,Brittani,MacCarlich,bmaccarlichc2@ovh.net,Female,68.104.168.64,"€6,17"
436,Jarret,Huxtable,jhuxtablec3@parallels.com,Male,231.108.208.188,"€4,11"
437,Rowland,Flewan,rflewanc4@google.cn,Male,156.198.68.6,"€1,81"
438,Westley,Lundie,wlundiec5@blogs.com,Male,187.122.225.5,"€8,02"
439,Kerry,Auchterlony,kauchterlonyc6@ning.com,Male,12.218.26.92,"€4,10"
440,Ebonee,Hasker,ehaskerc7@ibm.com,Female,57.111.214.51,"€1,73"
441,Sol,Klosser,sklosserc8@dyndns.org,Male,181.196.99.72,"€6,80"
442,Esme,Wedgbrow,ewedgbrowc9@sakura.ne.jp,Male,154.250.115.1,"€0,49"
443,Bertrand,Utton,buttonca@github.io,Male,116.29.202.27,"€4,17"
444,Iolande,Stagge,istaggecb@rediff.com,Female,209.48.121.234,"€0,03"
445,Stu,Haydock,shaydockcc@cnet.com,Male,56.53.140.185,"€2,11"
446,Mike,Levis,mleviscd@buzzfeed.com,Male,248.49.172.29,"€6,71"
447,Henrieta,Jon,hjonce@sciencedaily.com,Female,166.251.59.232,"€6,52"
448,Alden,Lanchbury,alanchburycf@nasa.gov,Male,68.244.186.203,"€7,94"
449,Bridgette,Lacey,blaceycg@businessweek.com,Female,124.29.37.254,"€9,08"
450,Dorian,Marklew,dmarklewch@seesaa.net,Male,231.164.119.158,"€0,88"
451,Clotilda,Chalice,cchaliceci@imageshack.us,Female,218.202.71.158,"€4,75"
452,Aidan,Squelch,asquelchcj@examiner.com,Female,149.226.223.157,"€6,05"
453,Peter,Plaskitt,pplaskittck@wufoo.com,Male,140.201.180.19,"€0,87"
454,Goddart,Winridge,gwinridgecl@cbsnews.com,Male,5.225.15.7,"€0,28"
455,Desiri,Farnfield,dfarnfieldcm@house.gov,Female,77.24.204.23,"€4,74"
456,Russell,Matchett,rmatchettcn@simplemachines.org,Male,223.213.128.212,"€8,55"
457,Zaria,Hedaux,zhedauxco@cocolog-nifty.com,Female,220.95.15.94,"€5,83"
458,Coral,Heineken,cheinekencp@oakley.com,Female,142.5.31.229,"€0,00"
459,Wilhelm,Bemand,wbemandcq@ebay.co.uk,Male,226.213.77.77,"€2,96"
460,Elliot,Bentz,ebentzcr@amazon.co.uk,Male,87.77.161.56,"€2,54"
461,Launce,Linebarger,llinebargercs@desdev.cn,Male,7.88.56.115,"€9,54"
462,Thedrick,Simmans,tsimmansct@mediafire.com,Male,174.146.27.42,"€1,37"
463,Rafferty,Bonnier,rbonniercu@godaddy.com,Male,200.229.21.132,"€9,56"
464,Gifford,Trahearn,gtrahearncv@redcross.org,Male,109.210.75.216,"€0,87"
465,Gothart,Larenson,glarensoncw@desdev.cn,Male,15.255.105.157,"€0,36"
466,Hedwiga,Room,hroomcx@fotki.com,Female,87.216.232.119,"€8,86"
467,Arleyne,Easum,aeasumcy@dell.com,Female,142.22.172.45,"€8,07"
468,Corny,Grzesiak,cgrzesiakcz@nsw.gov.au,Male,54.163.100.156,"€6,27"
469,Egbert,Dakin,edakind0@sitemeter.com,Male,248.96.15.199,"€3,31"
470,Kacy,Guinnane,kguinnaned1@phoca.cz,Female,161.23.105.176,"€7,12"
471,Marleah,Kabisch,mkabischd2@multiply.com,Female,158.255.143.120,"€8,65"
472,Judy,Dunks,jdunksd3@springer.com,Female,212.192.110.253,"€5,54"
473,Rowney,Hennemann,rhennemannd4@wikimedia.org,Male,107.175.165.224,"€6,76"
474,Crissy,Trivett,ctrivettd5@mit.edu,Female,141.63.233.205,"€4,05"
475,Galvin,Matiebe,gmatiebed6@spiegel.de,Male,173.220.77.155,"€8,81"
476,Tailor,Babbidge,tbabbidged7@livejournal.com,Male,158.102.120.180,"€7,87"
477,Tess,Rennles,trennlesd8@wix.com,Female,148.125.68.97,"€4,10"
478,Guillaume,Stickens,gstickensd9@ebay.com,Male,157.198.39.101,"€8,49"
479,Jori,Loving,jlovingda@dion.ne.jp,Female,53.117.47.22,"€9,13"
480,Marcus,Thominga,mthomingadb@globo.com,Male,199.216.120.186,"€9,88"
481,Gil,Jojic,gjojicdc@ebay.com,Male,119.218.177.36,"€3,47"
482,Darci,de Merida,ddemeridadd@facebook.com,Female,135.1.238.225,"€5,61"
483,Cosimo,Orritt,corrittde@squarespace.com,Male,78.247.133.102,"€1,27"
484,Prent,Casterot,pcasterotdf@t.co,Male,182.121.204.117,"€5,06"
485,Jessamine,Standing,jstandingdg@salon.com,Female,66.45.10.19,"€6,87"
486,Jens,Marien,jmariendh@example.com,Male,20.72.86.97,"€7,33"
487,Coralie,Clapperton,cclappertondi@biblegateway.com,Female,239.136.225.107,"€6,30"
488,Jere,Coade,jcoadedj@accuweather.com,Male,34.231.238.123,"€7,61"
489,Nat,Gaunson,ngaunsondk@bing.com,Male,153.14.115.198,"€3,52"
490,Powell,Plane,pplanedl@taobao.com,Male,0.14.44.233,"€9,87"
491,Hanny,Attock,hattockdm@dropbox.com,Female,119.17.62.19,"€8,29"
492,Gawain,Di Napoli,gdinapolidn@google.com.br,Male,9.170.63.94,"€8,14"
493,Neala,Heeran,nheerando@theguardian.com,Female,40.217.140.16,"€7,86"
494,Milissent,Spinola,mspinoladp@bloglovin.com,Female,44.9.119.125,"€7,98"
495,Davidde,Thormwell,dthormwelldq@dedecms.com,Male,74.43.121.252,"€9,49"
496,Bennie,Robilart,brobilartdr@china.com.cn,Male,69.69.71.22,"€7,49"
497,Dougie,Mattock,dmattockds@sourceforge.net,Male,8.52.68.201,"€2,99"
498,Randi,MacInnes,rmacinnesdt@alexa.com,Male,217.95.99.144,"€3,84"
499,Trudey,Claussen,tclaussendu@dagondesign.com,Female,239.61.83.180,"€3,60"
500,Natalya,Buckett,nbuckettdv@nytimes.com,Female,51.10.214.63,"€1,19"
501,Kellsie,Le Floch,kleflochdw@engadget.com,Female,116.99.96.211,"€1,26"
502,Natala,California,ncaliforniadx@dmoz.org,Female,97.245.78.212,"€1,90"
503,Kendre,Groomebridge,kgroomebridgedy@independent.co.uk,Female,115.209.22.241,"€0,45"
504,Corby,Barclay,cbarclaydz@state.tx.us,Male,230.91.199.16,"€2,08"
505,Idaline,Bruin,ibruine0@last.fm,Female,61.191.66.147,"€0,18"
506,Clarabelle,Cox,ccoxe1@webeden.co.uk,Female,198.252.219.163,"€1,17"
507,Ned,Shillabear,nshillabeare2@so-net.ne.jp,Male,223.88.84.196,"€5,79"
508,Goraud,Cappineer,gcappineere3@berkeley.edu,Male,89.81.4.139,"€5,15"
509,Kati,Christoffe,kchristoffee4@answers.com,Female,198.72.219.224,"€6,35"
510,Dick,Sondon,dsondone5@tripod.com,Male,16.145.31.61,"€9,15"
511,Christie,Sommerfeld,csommerfelde6@ed.gov,Female,218.120.206.105,"€3,14"
512,Raffarty,Tomisch,rtomische7@scientificamerican.com,Male,8.187.208.202,"€7,97"
513,Karrie,Keyte,kkeytee8@psu.edu,Female,2.199.121.106,"€9,41"
514,Teodor,Fisbey,tfisbeye9@forbes.com,Male,88.176.56.8,"€1,72"
515,Lavina,Rumming,lrummingea@hud.gov,Female,75.214.48.255,"€9,50"
516,Therese,Kabsch,tkabscheb@alibaba.com,Female,173.117.201.137,"€6,33"
517,Abby,Belamy,abelamyec@a8.net,Female,104.75.166.242,"€0,87"
518,Mischa,Covington,mcovingtoned@wordpress.com,Male,103.231.95.177,"€8,70"
519,Berton,Sanger,bsangeree@com.com,Male,94.27.11.191,"€4,13"
520,Chauncey,Magne,cmagneef@harvard.edu,Male,168.208.153.56,"€0,60"
521,Kennan,MacGoun,kmacgouneg@comsenz.com,Male,11.129.157.195,"€6,27"
522,Lester,Whilde,lwhildeeh@tinypic.com,Male,201.237.107.130,"€4,18"
523,Bette,Muschette,bmuschetteei@umich.edu,Female,241.63.84.247,"€6,75"
524,Amelie,Huskinson,ahuskinsonej@dedecms.com,Female,112.81.83.180,"€6,33"
525,Claire,Boullen,cboullenek@prweb.com,Male,185.134.29.26,"€1,78"
526,Mace,Cuthill,mcuthillel@blog.com,Male,180.103.46.213,"€3,26"
527,Bethany,Diable,bdiableem@chicagotribune.com,Female,171.242.4.79,"€2,12"
528,Page,Bravington,pbravingtonen@list-manage.com,Male,237.132.148.34,"€2,13"
529,Olimpia,Tatchell,otatchelleo@howstuffworks.com,Female,21.151.93.24,"€1,59"
530,Janith,Banasik,jbanasikep@youku.com,Female,152.129.230.117,"€9,95"
531,Gayelord,Kennifeck,gkennifeckeq@cafepress.com,Male,86.230.103.104,"€6,90"
532,Bram,Ghioni,bghionier@mayoclinic.com,Male,147.228.159.189,"€8,56"
533,Irena,Degoix,idegoixes@soup.io,Female,66.66.240.104,"€9,13"
534,Kettie,Hares,khareset@de.vu,Female,162.98.55.142,"€5,99"
535,Rocky,Bannister,rbannistereu@miibeian.gov.cn,Male,165.72.231.214,"€0,36"
536,Breena,Surridge,bsurridgeev@goo.gl,Female,151.190.142.214,"€8,86"
537,Alfonse,Lardier,alardierew@pagesperso-orange.fr,Male,88.207.118.54,"€6,51"
538,Fidela,Brash,fbrashex@earthlink.net,Female,9.79.44.206,"€6,39"
539,Kelly,Sibly,ksiblyey@nasa.gov,Female,46.73.64.5,"€0,91"
540,Galen,Du Fray,gdufrayez@hubpages.com,Male,237.88.129.251,"€9,66"
541,Rowen,Glynne,rglynnef0@wikia.com,Male,205.87.253.166,"€0,20"
542,Sherrie,Gristock,sgristockf1@soup.io,Female,120.126.10.238,"€7,74"
543,Wood,Pinyon,wpinyonf2@linkedin.com,Male,2.146.4.52,"€6,68"
544,Zed,Ost,zostf3@friendfeed.com,Male,57.106.4.165,"€5,71"
545,Jarred,Pochin,jpochinf4@ycombinator.com,Male,231.242.15.84,"€7,93"
546,Nesta,Jost,njostf5@prnewswire.com,Female,33.69.170.97,"€9,52"
547,Raymond,Delmonti,rdelmontif6@nsw.gov.au,Male,230.198.248.134,"€9,37"
548,Roxana,Buske,rbuskef7@paypal.com,Female,246.217.68.40,"€2,23"
549,Haydon,Bassham,hbasshamf8@ibm.com,Male,64.11.47.253,"€4,36"
550,Mureil,Barreau,mbarreauf9@livejournal.com,Female,252.84.126.78,"€2,57"
551,Gabriella,Dorkins,gdorkinsfa@pagesperso-orange.fr,Female,175.42.1.5,"€8,01"
552,Estevan,Rutley,erutleyfb@xinhuanet.com,Male,0.26.110.221,"€7,19"
553,Rene,Berrey,rberreyfc@imdb.com,Male,218.202.37.142,"€5,52"
554,Dorri,Mc Faul,dmcfaulfd@mtv.com,Female,253.169.63.141,"€0,47"
555,Nikola,Seabrook,nseabrookfe@latimes.com,Male,27.252.35.219,"€8,39"
556,Lem,Scragg,lscraggff@spiegel.de,Male,146.45.38.219,"€7,94"
557,Donnajean,Slingsby,dslingsbyfg@springer.com,Female,3.81.199.39,"€4,30"
558,Joell,Carswell,jcarswellfh@hostgator.com,Female,106.73.231.42,"€1,14"
559,Tad,Geillier,tgeillierfi@yellowpages.com,Male,60.254.119.246,"€9,09"
560,Grethel,Baggalley,gbaggalleyfj@google.it,Female,68.254.61.39,"€6,09"
561,Courtnay,Jeandet,cjeandetfk@techcrunch.com,Female,243.171.62.138,"€9,51"
562,Fax,Arrow,farrowfl@51.la,Male,187.255.205.67,"€6,25"
563,Edgardo,Shenfisch,eshenfischfm@sbwire.com,Male,217.144.84.191,"€2,34"
564,Mathew,McOwen,mmcowenfn@artisteer.com,Male,255.7.11.58,"€2,16"
565,Frazer,Grindley,fgrindleyfo@histats.com,Male,229.115.130.100,"€7,23"
566,Cooper,Cobbled,ccobbledfp@jiathis.com,Male,146.233.203.182,"€1,57"
567,Marcel,Mallindine,mmallindinefq@disqus.com,Male,209.130.183.25,"€2,62"
568,Amata,Haysham,ahayshamfr@netlog.com,Female,35.83.232.71,"€8,22"
569,Demetris,Fenich,dfenichfs@mysql.com,Female,107.20.86.72,"€4,52"
570,Deonne,Latore,dlatoreft@wikimedia.org,Female,138.144.201.131,"€6,32"
571,Karlene,Martinie,kmartiniefu@ycombinator.com,Female,249.75.246.47,"€6,49"
572,Amble,Cameli,acamelifv@apache.org,Male,68.129.13.228,"€5,00"
573,Betteann,Allward,ballwardfw@irs.gov,Female,20.116.65.129,"€2,62"
574,Taddeo,Varfolomeev,tvarfolomeevfx@amazon.de,Male,66.45.13.187,"€4,39"
575,Maible,Beedom,mbeedomfy@vimeo.com,Female,74.106.84.23,"€7,32"
576,Cathy,Mulcaster,cmulcasterfz@rakuten.co.jp,Female,137.89.157.182,"€6,34"
577,Hartley,Poole,hpooleg0@sciencedirect.com,Male,180.100.79.125,"€0,58"
578,Yves,Doggrell,ydoggrellg1@tinypic.com,Male,113.216.254.244,"€3,45"
579,Adrianne,Dykins,adykinsg2@sitemeter.com,Female,137.181.33.163,"€7,80"
580,Chadwick,Shoesmith,cshoesmithg3@seattletimes.com,Male,231.201.208.154,"€9,02"
581,Lian,Urpeth,lurpethg4@yolasite.com,Female,246.21.162.183,"€4,02"
582,Alon,Attrie,aattrieg5@biblegateway.com,Male,153.217.102.72,"€0,60"
583,Gardie,Shelper,gshelperg6@abc.net.au,Male,153.90.51.150,"€5,42"
584,Kayley,Vinsen,kvinseng7@miibeian.gov.cn,Female,84.32.14.48,"€0,72"
585,Idaline,Reoch,ireochg8@goo.gl,Female,188.238.62.40,"€5,07"
586,Westleigh,Jory,wjoryg9@opensource.org,Male,188.121.95.177,"€8,28"
587,Dana,Venn,dvennga@google.nl,Female,143.146.176.193,"€9,38"
588,Bethany,Soughton,bsoughtongb@jalbum.net,Female,83.90.238.24,"€5,14"
589,Xylia,Ullock,xullockgc@prlog.org,Female,159.241.195.155,"€8,49"
590,Tasia,Goodbairn,tgoodbairngd@so-net.ne.jp,Female,128.218.89.44,"€5,06"
591,Georgina,Goosey,ggooseyge@google.com.br,Female,217.251.9.221,"€9,95"
592,Pearl,Van Driel,pvandrielgf@shutterfly.com,Female,15.26.28.165,"€9,89"
593,Tasia,Kinglesyd,tkinglesydgg@nature.com,Female,192.239.87.21,"€5,80"
594,Elysee,M'Quharge,emquhargegh@rambler.ru,Female,66.12.105.195,"€7,51"
595,Denver,Wraighte,dwraightegi@aol.com,Male,249.91.73.140,"€6,21"
596,Joeann,Pury,jpurygj@geocities.jp,Female,45.6.249.103,"€3,68"
597,Michaela,Nell,mnellgk@latimes.com,Female,6.231.198.249,"€1,21"
598,Wylie,Enos,wenosgl@state.gov,Male,58.39.189.118,"€7,16"
599,Jourdan,Fonte,jfontegm@free.fr,Female,99.42.161.8,"€0,37"
600,Kele,Lammertz,klammertzgn@independent.co.uk,Male,51.241.14.205,"€4,97"
601,Sydney,McFaell,smcfaellgo@europa.eu,Male,89.206.99.45,"€8,40"
602,Esta,Mansford,emansfordgp@printfriendly.com,Female,37.68.47.185,"€3,76"
603,Sergent,De Ruggiero,sderuggierogq@oracle.com,Male,25.238.5.111,"€7,73"
604,Jermain,Gilbank,jgilbankgr@newsvine.com,Male,170.125.4.47,"€5,76"
605,Margret,Tiuit,mtiuitgs@uol.com.br,Female,212.33.39.65,"€8,73"
606,Fredi,Ausher,faushergt@scientificamerican.com,Female,6.54.75.59,"€9,62"
607,Garry,Balston,gbalstongu@quantcast.com,Male,160.17.38.99,"€3,67"
608,Lucas,Dodle,ldodlegv@weebly.com,Male,198.156.197.247,"€7,81"
609,Lexine,Coventon,lcoventongw@sun.com,Female,135.242.75.196,"€7,79"
610,Wallache,Rossant,wrossantgx@posterous.com,Male,47.57.67.70,"€4,62"
611,Kin,Oakes,koakesgy@feedburner.com,Male,92.94.254.51,"€7,89"
612,Theodoric,Semrad,tsemradgz@symantec.com,Male,80.174.218.6,"€4,58"
613,Karee,Ciubutaro,kciubutaroh0@blogspot.com,Female,102.85.49.161,"€8,61"
614,Saree,Baldack,sbaldackh1@histats.com,Female,11.183.214.32,"€1,32"
615,Ralph,Borel,rborelh2@dailymotion.com,Male,115.113.42.128,"€0,15"
616,Willy,Baldrey,wbaldreyh3@earthlink.net,Male,230.132.51.158,"€8,11"
617,Henrie,McCard,hmccardh4@ezinearticles.com,Female,96.172.157.192,"€9,59"
618,Jaime,Crosi,jcrosih5@naver.com,Female,91.28.37.60,"€7,41"
619,Dory,Rhead,drheadh6@exblog.jp,Male,202.65.230.90,"€5,57"
620,Christophe,Spellacey,cspellaceyh7@cnbc.com,Male,62.9.186.82,"€6,48"
621,Fernanda,Coviello,fcovielloh8@a8.net,Female,6.94.148.148,"€7,90"
622,Karl,Lenz,klenzh9@ezinearticles.com,Male,121.252.79.159,"€0,56"
623,Adelle,Dumpleton,adumpletonha@jalbum.net,Female,72.169.104.122,"€6,27"
624,Stafford,Parmiter,sparmiterhb@epa.gov,Male,232.108.72.242,"€0,10"
625,Reider,Tattoo,rtattoohc@wikia.com,Male,68.33.75.19,"€4,90"
626,Gusella,Paige,gpaigehd@slideshare.net,Female,33.230.67.3,"€5,87"
627,Mari,Laker,mlakerhe@fda.gov,Female,43.9.156.95,"€5,81"
628,Levon,Whitley,lwhitleyhf@gizmodo.com,Male,234.66.51.152,"€4,92"
629,Drugi,Collman,dcollmanhg@google.com.au,Male,115.243.1.3,"€3,34"
630,Maris,Gosland,mgoslandhh@accuweather.com,Female,219.188.66.23,"€3,87"
631,Meaghan,Allon,mallonhi@uiuc.edu,Female,157.148.50.46,"€2,58"
632,Bale,Shackleford,bshacklefordhj@huffingtonpost.com,Male,182.41.197.241,"€5,38"
633,Drona,Heugh,dheughhk@domainmarket.com,Female,93.255.188.239,"€4,43"
634,Ruperta,Hasell,rhasellhl@live.com,Female,121.173.5.59,"€8,57"
635,Gabrielle,Brownjohn,gbrownjohnhm@indiegogo.com,Female,45.78.224.183,"€5,84"
636,Lotty,Mustarde,lmustardehn@addtoany.com,Female,224.77.74.164,"€1,97"
637,Joshua,Doppler,jdopplerho@google.pl,Male,154.231.180.101,"€1,58"
638,Jillie,Benneyworth,jbenneyworthhp@youtube.com,Female,123.32.201.93,"€9,81"
639,Leta,McDonogh,lmcdonoghhq@ehow.com,Female,63.135.134.144,"€0,84"
640,Robyn,Dingate,rdingatehr@barnesandnoble.com,Female,195.99.125.171,"€9,13"
641,Stu,Aldrin,saldrinhs@bbc.co.uk,Male,254.125.110.126,"€0,20"
642,Jacenta,O'Halleghane,johalleghaneht@quantcast.com,Female,217.182.142.178,"€4,29"
643,Garry,Balser,gbalserhu@ucoz.ru,Male,172.17.194.73,"€2,38"
644,Zebadiah,Cund,zcundhv@behance.net,Male,139.142.187.109,"€8,35"
645,Artemus,Dutteridge,adutteridgehw@google.fr,Male,68.64.248.159,"€7,51"
646,Sinclair,Noades,snoadeshx@paypal.com,Male,166.22.220.94,"€0,43"
647,Augusto,O'Duilleain,aoduilleainhy@aboutads.info,Male,254.149.75.107,"€7,49"
648,Kissee,Rollinshaw,krollinshawhz@arstechnica.com,Female,217.182.31.190,"€5,55"
649,Allianora,McLae,amclaei0@nifty.com,Female,32.216.101.114,"€0,60"
650,Innis,Minty,imintyi1@google.pl,Male,252.50.236.16,"€6,04"
651,Cristiano,Badrock,cbadrocki2@seattletimes.com,Male,109.122.234.111,"€7,52"
652,Flint,Wison,fwisoni3@redcross.org,Male,245.157.206.158,"€3,19"
653,Osbourne,Allden,oalldeni4@twitter.com,Male,17.59.246.72,"€5,42"
654,Dorotea,Denyer,ddenyeri5@geocities.com,Female,4.101.162.135,"€3,99"
655,Dulciana,Krinks,dkrinksi6@fastcompany.com,Female,144.255.139.247,"€8,30"
656,Odie,Thomkins,othomkinsi7@paginegialle.it,Male,23.194.128.116,"€9,29"
657,Louisa,Brettelle,lbrettellei8@tinypic.com,Female,22.104.220.19,"€4,29"
658,Celie,Leverton,clevertoni9@prweb.com,Female,60.240.105.70,"€2,97"
659,Rae,Denham,rdenhamia@163.com,Female,126.19.232.213,"€2,86"
660,Neal,Brookzie,nbrookzieib@irs.gov,Male,72.60.163.47,"€8,53"
661,Ephrem,Crossfield,ecrossfieldic@gov.uk,Male,108.51.58.132,"€7,16"
662,Marlene,Hyslop,mhyslopid@princeton.edu,Female,229.252.170.172,"€3,27"
663,Dominik,Gwalter,dgwalterie@ucoz.ru,Male,191.102.62.17,"€7,54"
664,Pattie,Theuss,ptheussif@g.co,Male,159.138.123.141,"€8,78"
665,Cesaro,Bloan,cbloanig@census.gov,Male,33.195.226.147,"€1,96"
666,Grace,Dawidowsky,gdawidowskyih@army.mil,Male,157.63.217.139,"€2,38"
667,Isaak,Standing,istandingii@dagondesign.com,Male,130.95.17.127,"€1,91"
668,Marcelo,McNess,mmcnessij@cpanel.net,Male,59.102.141.29,"€7,47"
669,Bradley,Durham,bdurhamik@ox.ac.uk,Male,104.226.200.131,"€9,06"
670,Germayne,Canada,gcanadail@google.com.br,Male,170.224.87.93,"€1,72"
671,Foster,O'Cullen,focullenim@bandcamp.com,Male,64.23.203.235,"€1,97"
672,Julienne,Barcroft,jbarcroftin@wikimedia.org,Female,18.153.146.249,"€0,30"
673,Glori,Penna,gpennaio@ft.com,Female,177.236.52.130,"€5,89"
674,Alleen,Jodrelle,ajodrelleip@fastcompany.com,Female,247.224.52.153,"€5,91"
675,Cly,Hutchason,chutchasoniq@google.nl,Male,90.160.67.56,"€0,01"
676,Dolores,Waywell,dwaywellir@imdb.com,Female,133.178.239.171,"€3,49"
677,Guthrie,Meikle,gmeikleis@slideshare.net,Male,23.34.92.93,"€5,00"
678,Agosto,Osmar,aosmarit@washington.edu,Male,142.232.70.168,"€2,65"
679,Agnesse,Davidof,adavidofiu@newsvine.com,Female,29.243.23.153,"€3,90"
680,Yasmeen,Crowche,ycrowcheiv@furl.net,Female,23.74.138.93,"€7,45"
681,Rochester,Camfield,rcamfieldiw@merriam-webster.com,Male,222.205.87.74,"€5,38"
682,Gates,Swalough,gswaloughix@dot.gov,Female,193.220.227.238,"€7,53"
683,Lorraine,Casaro,lcasaroiy@state.tx.us,Female,68.127.218.13,"€2,94"
684,Kakalina,Ommundsen,kommundseniz@miibeian.gov.cn,Female,70.88.31.174,"€2,66"
685,Iago,Fakes,ifakesj0@live.com,Male,142.195.72.173,"€1,97"
686,Ragnar,Stollenbecker,rstollenbeckerj1@icq.com,Male,23.160.41.164,"€1,98"
687,Jonathan,Calyton,jcalytonj2@whitehouse.gov,Male,237.142.161.202,"€4,90"
688,Tania,Brunelleschi,tbrunelleschij3@wufoo.com,Female,132.132.34.61,"€2,15"
689,Willa,Winley,wwinleyj4@reverbnation.com,Female,184.117.82.176,"€8,09"
690,Bard,Poltun,bpoltunj5@usa.gov,Male,52.64.53.50,"€8,05"
691,Shurwood,Milham,smilhamj6@hostgator.com,Male,201.145.32.235,"€1,99"
692,Johnath,Ffoulkes,jffoulkesj7@webs.com,Female,111.21.118.103,"€0,85"
693,Glory,Filippov,gfilippovj8@hao123.com,Female,9.103.235.22,"€7,73"
694,Ardenia,Tadd,ataddj9@blogs.com,Female,120.165.176.155,"€6,01"
695,Ricardo,Wank,rwankja@unc.edu,Male,175.22.9.136,"€5,45"
696,Bob,Cunrado,bcunradojb@bloglines.com,Male,218.108.233.67,"€1,15"
697,Theodora,Dreger,tdregerjc@behance.net,Female,167.250.34.77,"€4,04"
698,Genevra,Brettel,gbretteljd@sakura.ne.jp,Female,100.48.250.161,"€9,10"
699,Davie,Coppen,dcoppenje@walmart.com,Male,134.139.56.20,"€7,06"
700,Salome,Braywood,sbraywoodjf@nymag.com,Female,123.152.210.209,"€0,25"
701,Carlie,Levis,clevisjg@nationalgeographic.com,Male,146.9.218.152,"€9,11"
702,Pooh,Jeanes,pjeanesjh@altervista.org,Female,30.64.172.5,"€4,28"
703,Guthrey,Pflieger,gpfliegerji@constantcontact.com,Male,185.137.44.87,"€4,20"
704,Lawry,Puller,lpullerjj@fastcompany.com,Male,147.49.111.212,"€2,04"
705,Saul,Yurenev,syurenevjk@army.mil,Male,52.41.187.147,"€4,34"
706,Neils,Negus,nnegusjl@howstuffworks.com,Male,174.252.101.84,"€6,15"
707,Erastus,Halliwell,ehalliwelljm@tmall.com,Male,92.74.4.148,"€0,89"
708,Jeremias,Gier,jgierjn@wp.com,Male,119.58.225.201,"€7,02"
709,Leanora,McElrath,lmcelrathjo@nsw.gov.au,Female,232.36.133.206,"€2,80"
710,Erv,Quirke,equirkejp@google.ru,Male,76.151.139.228,"€1,56"
711,Molly,Willis,mwillisjq@fema.gov,Female,39.160.121.136,"€0,31"
712,Lauryn,Della,ldellajr@naver.com,Female,58.23.156.66,"€0,91"
713,Blair,Kellie,bkelliejs@hp.com,Male,30.51.141.211,"€6,12"
714,Marthena,Dibnah,mdibnahjt@java.com,Female,107.37.162.103,"€1,05"
715,Neall,Ox,noxju@geocities.jp,Male,193.51.82.73,"€2,49"
716,Ben,Fullun,bfullunjv@reuters.com,Male,216.137.170.27,"€7,54"
717,Theressa,Wheal,twhealjw@theguardian.com,Female,46.101.26.143,"€3,36"
718,Meredith,Tivenan,mtivenanjx@theatlantic.com,Male,112.50.110.241,"€1,83"
719,Briggs,Tzar,btzarjy@nifty.com,Male,229.9.59.220,"€5,51"
720,Melania,MacGhee,mmacgheejz@blogger.com,Female,89.28.175.119,"€8,19"
721,Elna,Boissier,eboissierk0@theglobeandmail.com,Female,54.48.84.54,"€1,00"
722,Kally,Siddon,ksiddonk1@studiopress.com,Female,162.166.48.31,"€5,22"
723,Leontyne,Littlejohns,llittlejohnsk2@oracle.com,Female,27.38.116.137,"€1,50"
724,Tobye,Shercliff,tshercliffk3@bbc.co.uk,Female,177.29.13.198,"€4,36"
725,Sebastian,Leathes,sleathesk4@prweb.com,Male,8.205.25.104,"€7,11"
726,Rhonda,Riehm,rriehmk5@diigo.com,Female,77.232.103.153,"€3,37"
727,Odilia,Greatrakes,ogreatrakesk6@indiatimes.com,Female,240.88.190.176,"€1,98"
728,Fredek,Daouze,fdaouzek7@intel.com,Male,196.142.224.121,"€0,22"
729,Rand,Biasio,rbiasiok8@mit.edu,Male,178.115.100.125,"€8,54"
730,Ellary,Poultney,epoultneyk9@house.gov,Male,154.66.35.6,"€4,53"
731,Whitney,Pantry,wpantryka@yellowpages.com,Female,40.175.255.55,"€4,70"
732,Rosita,Weldrick,rweldrickkb@aol.com,Female,11.178.188.19,"€8,20"
733,Mahmud,Greeveson,mgreevesonkc@discuz.net,Male,9.89.26.81,"€0,61"
734,Maurise,Bernardt,mbernardtkd@elpais.com,Male,49.7.99.145,"€0,47"
735,Aurore,Maciak,amaciakke@hostgator.com,Female,224.124.10.119,"€5,21"
736,Nicko,Bolzen,nbolzenkf@wunderground.com,Male,63.155.28.239,"€2,41"
737,Edd,Manwell,emanwellkg@google.com.hk,Male,77.160.140.159,"€3,76"
738,Ban,Vasler,bvaslerkh@earthlink.net,Male,254.244.77.173,"€3,74"
739,Hallsy,Geeve,hgeeveki@slate.com,Male,13.252.184.215,"€1,18"
740,Sibley,Favela,sfavelakj@spiegel.de,Female,205.140.82.61,"€3,84"
741,Shandra,Scrannage,sscrannagekk@simplemachines.org,Female,177.105.236.173,"€8,63"
742,Jeanelle,Tabert,jtabertkl@shinystat.com,Female,245.240.148.29,"€6,49"
743,Nola,D'Onise,ndonisekm@dagondesign.com,Female,145.200.241.143,"€5,42"
744,Cully,Longley,clongleykn@apache.org,Male,167.80.15.78,"€1,50"
745,North,Hugett,nhugettko@creativecommons.org,Male,94.160.249.63,"€8,00"
746,Ingemar,Full,ifullkp@blogs.com,Male,145.75.244.231,"€6,28"
747,Rafaello,Shillabeer,rshillabeerkq@elegantthemes.com,Male,40.56.135.152,"€8,19"
748,Olwen,Hearn,ohearnkr@telegraph.co.uk,Female,246.97.39.35,"€3,35"
749,Obidiah,Braikenridge,obraikenridgeks@globo.com,Male,9.142.73.138,"€7,17"
750,Valaree,Michelin,vmichelinkt@ted.com,Female,180.196.177.71,"€2,78"
751,Fleur,Hainey`,fhaineyku@creativecommons.org,Female,0.181.6.122,"€2,08"
752,Brittney,Mowat,bmowatkv@google.de,Female,95.53.20.224,"€3,36"
753,Jeannine,McWilliam,jmcwilliamkw@redcross.org,Female,171.124.95.220,"€2,49"
754,Taylor,McMurty,tmcmurtykx@accuweather.com,Male,184.195.152.224,"€3,67"
755,Harriet,Silcock,hsilcockky@nhs.uk,Female,77.211.118.76,"€0,68"
756,Dominick,Lehrle,dlehrlekz@cbc.ca,Male,96.183.251.93,"€9,91"
757,Terrie,Tunnoch,ttunnochl0@youtu.be,Female,152.249.108.132,"€6,03"
758,Regen,Lill,rlilll1@timesonline.co.uk,Male,147.147.82.26,"€2,77"
759,Tallia,Gething,tgethingl2@unesco.org,Female,57.219.163.91,"€9,30"
760,Wakefield,Mazella,wmazellal3@nps.gov,Male,0.124.142.236,"€7,58"
761,Fowler,Gopsell,fgopselll4@vinaora.com,Male,192.48.185.44,"€6,22"
762,Baillie,Graalmans,bgraalmansl5@rambler.ru,Male,199.105.166.45,"€3,80"
763,Malchy,Constantine,mconstantinel6@desdev.cn,Male,175.170.11.218,"€6,41"
764,Rubetta,Corrigan,rcorriganl7@canalblog.com,Female,188.136.33.244,"€7,42"
765,Dyanna,Londors,dlondorsl8@slashdot.org,Female,203.215.255.251,"€1,18"
766,Teresa,Mioni,tmionil9@webs.com,Female,184.231.35.61,"€5,21"
767,Lloyd,MacKnockiter,lmacknockiterla@fc2.com,Male,137.115.91.38,"€4,40"
768,Ronald,Raddenbury,rraddenburylb@prnewswire.com,Male,165.227.232.230,"€9,95"
769,Irma,Stagge,istaggelc@istockphoto.com,Female,199.10.244.23,"€5,90"
770,Friedrich,Beales,fbealesld@pbs.org,Male,81.76.222.126,"€6,53"
771,Johannes,Pariss,jparissle@unicef.org,Male,197.127.63.86,"€1,25"
772,Aile,Audas,aaudaslf@1und1.de,Female,195.40.162.105,"€4,84"
773,Bail,Harcus,bharcuslg@geocities.jp,Male,38.185.88.162,"€6,40"
774,Winifield,Whelpdale,wwhelpdalelh@istockphoto.com,Male,21.174.183.60,"€9,66"
775,Georgianne,Verrillo,gverrilloli@jigsy.com,Female,160.184.95.121,"€1,22"
776,Staford,Raw,srawlj@deviantart.com,Male,249.225.25.198,"€5,06"
777,Ardine,Dixie,adixielk@msn.com,Female,213.78.217.179,"€4,83"
778,Marty,Ridhole,mridholell@wufoo.com,Male,18.15.179.27,"€1,01"
779,Garret,Fairleigh,gfairleighlm@blogger.com,Male,201.0.57.142,"€9,99"
780,Neddie,Bagehot,nbagehotln@spiegel.de,Male,220.160.22.162,"€0,96"
781,Trueman,Pellington,tpellingtonlo@yandex.ru,Male,61.194.16.16,"€9,36"
782,Kathlin,Chastan,kchastanlp@technorati.com,Female,171.9.22.71,"€7,59"
783,Che,Emmanueli,cemmanuelilq@netlog.com,Male,39.208.11.84,"€3,23"
784,Stacy,Blancowe,sblancowelr@mlb.com,Female,75.217.233.123,"€2,01"
785,Consolata,Fawltey,cfawlteyls@biblegateway.com,Female,230.211.147.208,"€7,48"
786,Lorie,Cabrera,lcabreralt@pinterest.com,Female,135.52.62.151,"€0,53"
787,Travers,Jilliss,tjillisslu@independent.co.uk,Male,20.90.48.195,"€4,65"
788,Alanson,Gillespie,agillespielv@slashdot.org,Male,216.122.19.236,"€9,32"
789,Elwira,Alcalde,ealcaldelw@hubpages.com,Female,137.99.190.159,"€6,57"
790,Gerard,Shevlan,gshevlanlx@google.com,Male,105.80.33.23,"€1,36"
791,Simmonds,Tuhy,stuhyly@ycombinator.com,Male,225.230.12.99,"€6,61"
792,Cassi,Martonfi,cmartonfilz@jugem.jp,Female,218.78.171.236,"€6,48"
793,Jeremie,Kidsley,jkidsleym0@stanford.edu,Male,197.184.36.246,"€0,71"
794,Carmencita,Corrie,ccorriem1@usatoday.com,Female,169.248.228.131,"€2,47"
795,Zia,Haggath,zhaggathm2@yelp.com,Female,153.141.61.215,"€1,81"
796,Merrel,De Zuani,mdezuanim3@wisc.edu,Male,117.113.169.15,"€1,19"
797,Winnie,Priestman,wpriestmanm4@nbcnews.com,Male,35.25.69.242,"€5,70"
798,Gordy,Connell,gconnellm5@nationalgeographic.com,Male,4.108.189.182,"€4,27"
799,Donielle,Leworthy,dleworthym6@washingtonpost.com,Female,9.178.207.244,"€1,20"
800,Bridie,de Merida,bdemeridam7@psu.edu,Female,141.248.2.34,"€5,58"
801,Skipton,Nutman,snutmanm8@alibaba.com,Male,22.120.135.221,"€2,71"
802,Marci,Behling,mbehlingm9@weebly.com,Female,229.204.120.7,"€8,47"
803,Templeton,Yousef,tyousefma@moonfruit.com,Male,59.239.254.89,"€0,06"
804,Balduin,Ceschi,bceschimb@un.org,Male,137.55.144.225,"€2,48"
805,Edsel,Romaines,eromainesmc@nydailynews.com,Male,49.155.146.62,"€3,57"
806,Jonie,Roslen,jroslenmd@statcounter.com,Female,68.143.142.239,"€2,26"
807,Darill,Askaw,daskawme@themeforest.net,Male,152.237.74.249,"€6,70"
808,Tiertza,Ivkovic,tivkovicmf@time.com,Female,115.43.47.136,"€7,26"
809,Barris,Scutching,bscutchingmg@cbslocal.com,Male,176.20.11.134,"€6,11"
810,Denys,Walrond,dwalrondmh@paginegialle.it,Female,72.202.135.57,"€0,88"
811,Gelya,Phettis,gphettismi@deviantart.com,Female,193.148.172.11,"€0,07"
812,Joelynn,Isacsson,jisacssonmj@wix.com,Female,47.217.193.89,"€7,58"
813,Shara,Ohlsen,sohlsenmk@tumblr.com,Female,55.138.45.121,"€0,92"
814,Bailey,Revely,brevelyml@oakley.com,Male,29.118.127.124,"€6,16"
815,Lesley,Shellsheere,lshellsheeremm@hatena.ne.jp,Male,250.56.100.74,"€4,16"
816,Dill,Baugh,dbaughmn@intel.com,Male,190.110.17.32,"€6,36"
817,Helsa,MacGeaney,hmacgeaneymo@ezinearticles.com,Female,254.105.241.157,"€4,90"
818,Petey,Stainsby,pstainsbymp@51.la,Male,141.45.220.128,"€8,29"
819,Paxon,Cristoferi,pcristoferimq@com.com,Male,5.88.253.36,"€3,10"
820,Stacee,Grigorini,sgrigorinimr@jimdo.com,Female,214.32.117.142,"€0,86"
821,Pail,Iron,pironms@telegraph.co.uk,Male,191.153.51.43,"€6,69"
822,April,McCay,amccaymt@psu.edu,Female,133.108.133.45,"€5,21"
823,Iorgo,Partner,ipartnermu@tmall.com,Male,217.8.55.30,"€3,38"
824,Rurik,Sentance,rsentancemv@mozilla.com,Male,126.7.50.138,"€5,14"
825,Scot,Strattan,sstrattanmw@surveymonkey.com,Male,107.99.64.148,"€0,42"
826,Noelyn,Absolon,nabsolonmx@nature.com,Female,159.2.216.53,"€9,87"
827,Chilton,McDonell,cmcdonellmy@time.com,Male,92.174.89.175,"€8,77"
828,Cobb,Graveney,cgraveneymz@wordpress.org,Male,163.52.252.148,"€5,93"
829,Kylie,Lincey,klinceyn0@arizona.edu,Male,183.65.36.51,"€1,77"
830,Lesley,Pitney,lpitneyn1@state.tx.us,Male,237.150.22.250,"€7,45"
831,Gawen,Orleton,gorletonn2@infoseek.co.jp,Male,121.50.78.32,"€9,29"
832,Suzie,Speariett,sspeariettn3@studiopress.com,Female,120.30.2.133,"€1,07"
833,Niles,Shinner,nshinnern4@bing.com,Male,87.137.74.217,"€9,51"
834,Samara,Minci,smincin5@simplemachines.org,Female,58.136.145.80,"€0,02"
835,Mala,Winspear,mwinspearn6@usgs.gov,Female,70.237.140.110,"€4,14"
836,Linea,Gounin,lgouninn7@unblog.fr,Female,169.227.227.51,"€0,94"
837,Joanie,Klimke,jklimken8@4shared.com,Female,147.19.89.221,"€2,06"
838,Sella,Freak,sfreakn9@alexa.com,Female,121.69.159.191,"€8,41"
839,Yolane,Corah,ycorahna@theatlantic.com,Female,172.203.77.141,"€8,06"
840,Tuckie,Clavering,tclaveringnb@csmonitor.com,Male,136.48.100.158,"€3,76"
841,Heidie,Teague,hteaguenc@webeden.co.uk,Female,123.188.9.126,"€3,31"
842,Madelin,Axelby,maxelbynd@gizmodo.com,Female,140.239.179.232,"€3,04"
843,Craggie,Gonnel,cgonnelne@cmu.edu,Male,215.91.250.80,"€2,41"
844,Hastie,Zum Felde,hzumfeldenf@google.co.jp,Male,5.80.190.244,"€0,40"
845,Hannah,Winfindine,hwinfindineng@purevolume.com,Female,200.174.10.216,"€5,50"
846,Saunders,Brou,sbrounh@toplist.cz,Male,74.17.173.59,"€7,30"
847,Ciel,Eveleigh,ceveleighni@nydailynews.com,Female,223.83.103.217,"€3,54"
848,Pembroke,Pearton,ppeartonnj@wikimedia.org,Male,107.153.219.79,"€9,78"
849,Hiram,Jehaes,hjehaesnk@narod.ru,Male,114.203.12.159,"€8,84"
850,Leila,Ostick,losticknl@dropbox.com,Female,72.212.70.54,"€0,66"
851,Ellsworth,Airs,eairsnm@sogou.com,Male,55.73.255.44,"€5,17"
852,Myrle,Balcombe,mbalcombenn@smh.com.au,Female,151.115.14.61,"€9,09"
853,Cello,Castro,ccastrono@yahoo.com,Male,46.129.34.172,"€3,74"
854,Julianna,Macvain,jmacvainnp@pen.io,Female,82.65.164.222,"€8,27"
855,Romola,Hallgath,rhallgathnq@printfriendly.com,Female,251.159.162.190,"€8,18"
856,Coop,Maciejak,cmaciejaknr@miibeian.gov.cn,Male,73.254.67.197,"€0,71"
857,Griz,Acome,gacomens@fc2.com,Male,153.62.178.95,"€9,63"
858,Anna,Gheeorghie,agheeorghient@dot.gov,Female,246.44.127.113,"€1,03"
859,Justen,Sothcott,jsothcottnu@ask.com,Male,171.218.201.159,"€4,81"
860,Farrah,Kiely,fkielynv@wsj.com,Female,62.72.195.234,"€2,61"
861,Laurence,Wallege,lwallegenw@reverbnation.com,Male,54.253.39.205,"€6,06"
862,Toddie,Farquarson,tfarquarsonnx@howstuffworks.com,Male,26.213.228.162,"€0,39"
863,Frazer,Coopland,fcooplandny@squidoo.com,Male,4.167.189.130,"€9,68"
864,Bailie,Sheridan,bsheridannz@exblog.jp,Male,156.137.222.229,"€6,28"
865,Sheila-kathryn,Bozward,sbozwardo0@chicagotribune.com,Female,113.111.89.27,"€3,80"
866,Harriett,Crowther,hcrowthero1@latimes.com,Female,244.48.206.144,"€0,12"
867,Lucais,Gut,lguto2@dell.com,Male,71.170.196.237,"€9,71"
868,Marilin,Barrowcliff,mbarrowcliffo3@digg.com,Female,208.160.152.115,"€4,65"
869,Mitch,Lomasney,mlomasneyo4@live.com,Male,73.192.140.90,"€6,51"
870,Ardyce,Tuxell,atuxello5@timesonline.co.uk,Female,72.90.186.0,"€0,26"
871,Wally,McVitty,wmcvittyo6@pinterest.com,Male,45.147.124.212,"€1,35"
872,Roanne,Bulteel,rbulteelo7@ning.com,Female,57.4.241.131,"€7,95"
873,Dacy,McNeillie,dmcneillieo8@china.com.cn,Female,90.118.142.205,"€0,39"
874,Athene,Bolletti,abollettio9@altervista.org,Female,113.138.224.82,"€2,87"
875,Farra,Tilio,ftiliooa@dmoz.org,Female,226.253.123.141,"€1,45"
876,Pooh,Smalman,psmalmanob@msu.edu,Male,36.43.160.224,"€5,22"
877,Lyon,Oakenford,loakenfordoc@earthlink.net,Male,135.113.253.35,"€3,28"
878,Jannel,Mulhill,jmulhillod@wix.com,Female,12.10.253.202,"€0,89"
879,Mathian,Duffie,mduffieoe@reddit.com,Male,5.175.3.224,"€7,81"
880,Calli,Crockett,ccrockettof@arstechnica.com,Female,156.163.217.239,"€0,14"
881,Cari,Edmott,cedmottog@artisteer.com,Female,78.197.228.13,"€6,87"
882,Harbert,Mitskevich,hmitskevichoh@cbc.ca,Male,225.175.97.176,"€4,47"
883,Daisie,Ferriday,dferridayoi@wp.com,Female,58.154.102.58,"€1,61"
884,Bealle,Labet,blabetoj@businessweek.com,Male,159.82.159.238,"€3,70"
885,Nisse,Palfreyman,npalfreymanok@usatoday.com,Female,213.1.52.231,"€4,89"
886,Waldon,Coplestone,wcoplestoneol@newyorker.com,Male,51.93.209.60,"€7,33"
887,Corella,Orrum,corrumom@ftc.gov,Female,147.147.84.112,"€9,78"
888,Matthaeus,Nield,mnieldon@skype.com,Male,77.251.97.133,"€5,43"
889,Crystal,Ponton,cpontonoo@dropbox.com,Female,200.183.53.114,"€9,34"
890,Niven,Tunesi,ntunesiop@sciencedirect.com,Male,80.98.128.107,"€5,17"
891,Vinita,Meneely,vmeneelyoq@opera.com,Female,208.67.220.38,"€0,66"
892,Elnore,Lidgett,elidgettor@psu.edu,Female,120.107.120.236,"€2,05"
893,Darwin,Petrozzi,dpetrozzios@usda.gov,Male,246.96.60.124,"€3,63"
894,Ricky,Trudgion,rtrudgionot@webs.com,Male,99.10.108.47,"€7,12"
895,Ken,Wyche,kwycheou@behance.net,Male,16.207.192.193,"€5,53"
896,Fern,Gagg,fgaggov@ihg.com,Female,190.146.249.231,"€8,41"
897,Corinna,Stanborough,cstanboroughow@nih.gov,Female,45.197.171.158,"€2,87"
898,Korella,Shimwall,kshimwallox@stumbleupon.com,Female,145.130.253.254,"€4,49"
899,Gerek,Carlino,gcarlinooy@mayoclinic.com,Male,161.73.184.105,"€4,91"
900,Titus,Carrick,tcarrickoz@free.fr,Male,0.147.87.169,"€8,02"
901,Stern,Brayson,sbraysonp0@vkontakte.ru,Male,206.96.145.217,"€1,68"
902,Case,Batisse,cbatissep1@storify.com,Male,229.188.148.215,"€1,22"
903,Standford,Coffey,scoffeyp2@jugem.jp,Male,139.191.49.209,"€5,07"
904,Andres,Massie,amassiep3@narod.ru,Male,141.116.3.126,"€6,18"
905,Fanchon,Petheridge,fpetheridgep4@squidoo.com,Female,12.160.248.111,"€6,12"
906,Orlando,Krabbe,okrabbep5@ihg.com,Male,231.56.108.23,"€1,16"
907,Nehemiah,Braywood,nbraywoodp6@behance.net,Male,145.86.39.44,"€0,18"
908,Keane,Lortzing,klortzingp7@wikimedia.org,Male,144.197.144.55,"€9,46"
909,Ruthanne,Cheevers,rcheeversp8@instagram.com,Female,141.175.97.39,"€8,45"
910,Murdoch,Croneen,mcroneenp9@topsy.com,Male,245.6.196.116,"€6,81"
911,Dietrich,Muzzi,dmuzzipa@chronoengine.com,Male,189.154.112.209,"€8,27"
912,Ritchie,West-Frimley,rwestfrimleypb@tinypic.com,Male,115.22.178.58,"€0,65"
913,Gill,McMeekin,gmcmeekinpc@java.com,Female,130.68.28.254,"€5,88"
914,Lin,McDuall,lmcduallpd@hp.com,Male,177.47.148.83,"€1,52"
915,Aurthur,St. Quintin,astquintinpe@telegraph.co.uk,Male,60.203.109.22,"€3,16"
916,Marty,Iacobassi,miacobassipf@opensource.org,Male,45.227.157.93,"€5,87"
917,Stanwood,Dimelow,sdimelowpg@springer.com,Male,251.192.60.11,"€8,11"
918,Feodor,Delos,fdelosph@example.com,Male,91.185.135.43,"€0,84"
919,Theo,Maddison,tmaddisonpi@ycombinator.com,Male,137.220.42.16,"€5,75"
920,Tandy,Duff,tduffpj@bloglines.com,Female,81.144.161.232,"€9,35"
921,Arlyn,Joselson,ajoselsonpk@oakley.com,Female,34.54.216.221,"€3,11"
922,Carolina,Thomelin,cthomelinpl@economist.com,Female,217.151.150.86,"€7,15"
923,Aubert,Dobell,adobellpm@theglobeandmail.com,Male,167.175.156.225,"€8,84"
924,Rice,Barsam,rbarsampn@ibm.com,Male,123.199.248.115,"€4,67"
925,Lalo,Gribbins,lgribbinspo@seattletimes.com,Male,162.176.164.112,"€6,73"
926,Howie,Simoncello,hsimoncellopp@timesonline.co.uk,Male,68.82.155.201,"€1,34"
927,Shoshana,Battleson,sbattlesonpq@yellowpages.com,Female,150.5.203.170,"€2,99"
928,Pincas,O'Fogerty,pofogertypr@ask.com,Male,44.33.35.128,"€9,06"
929,Mitchael,Everley,meverleyps@hugedomains.com,Male,161.110.36.155,"€4,81"
930,Antonino,Diprose,adiprosept@microsoft.com,Male,23.203.166.228,"€3,94"
931,Candie,Burgyn,cburgynpu@xinhuanet.com,Female,29.167.217.6,"€1,30"
932,Frayda,Worrill,fworrillpv@opera.com,Female,111.146.203.45,"€0,70"
933,Nicolais,Urry,nurrypw@acquirethisname.com,Male,152.183.219.158,"€5,01"
934,Daune,Seagar,dseagarpx@census.gov,Female,66.32.13.168,"€1,51"
935,Oona,Branch,obranchpy@youtu.be,Female,226.124.154.134,"€8,16"
936,Keriann,Snowsill,ksnowsillpz@homestead.com,Female,193.199.97.206,"€2,79"
937,Glori,Real,grealq0@ebay.com,Female,140.104.38.45,"€9,85"
938,Cirilo,Nelthrop,cnelthropq1@usa.gov,Male,233.235.97.163,"€0,07"
939,Willi,Francesco,wfrancescoq2@google.com.hk,Male,85.49.44.237,"€1,70"
940,Halie,Iannello,hiannelloq3@smugmug.com,Female,8.89.1.77,"€4,05"
941,Guthry,McIlwrick,gmcilwrickq4@mayoclinic.com,Male,22.72.162.155,"€6,86"
942,Hali,Bugdale,hbugdaleq5@cnet.com,Female,122.57.11.222,"€4,38"
943,Hilary,Crennell,hcrennellq6@upenn.edu,Male,136.242.38.165,"€2,06"
944,Caprice,Birtles,cbirtlesq7@com.com,Female,129.88.222.118,"€9,78"
945,Teddy,Hamal,thamalq8@noaa.gov,Male,223.125.112.238,"€5,55"
946,Alastair,Greenhouse,agreenhouseq9@meetup.com,Male,97.52.172.12,"€5,75"
947,Hanan,Aleswell,haleswellqa@bizjournals.com,Male,121.72.239.144,"€4,68"
948,Ronna,Barsham,rbarshamqb@usda.gov,Female,57.230.168.70,"€2,01"
949,Jobyna,Seebright,jseebrightqc@clickbank.net,Female,110.21.92.175,"€0,73"
950,Ansell,Sturman,asturmanqd@fotki.com,Male,111.169.250.72,"€9,86"
951,Fulvia,Donett,fdonettqe@yale.edu,Female,82.130.90.119,"€9,72"
952,Babbette,Skowcraft,bskowcraftqf@upenn.edu,Female,67.159.4.102,"€7,48"
953,Marlo,Mulvihill,mmulvihillqg@woothemes.com,Female,101.129.102.199,"€4,43"
954,Gottfried,Fonteyne,gfonteyneqh@deviantart.com,Male,240.32.95.71,"€5,19"
955,Adrienne,Beacock,abeacockqi@paypal.com,Female,66.95.48.254,"€8,36"
956,Bella,Shilvock,bshilvockqj@oakley.com,Female,227.9.23.63,"€4,25"
957,Roscoe,Bartoszinski,rbartoszinskiqk@cpanel.net,Male,164.35.209.242,"€0,49"
958,Quint,Monckman,qmonckmanql@bloglines.com,Male,13.60.104.16,"€3,74"
959,Neala,Hellicar,nhellicarqm@apache.org,Female,134.93.95.119,"€6,26"
960,Leroi,Cassy,lcassyqn@europa.eu,Male,121.93.210.147,"€7,25"
961,Kizzee,Downham,kdownhamqo@meetup.com,Female,114.177.117.1,"€0,61"
962,Leesa,Kipping,lkippingqp@multiply.com,Female,149.48.251.175,"€8,80"
963,Dorree,Sherwyn,dsherwynqq@nhs.uk,Female,97.142.3.24,"€1,60"
964,Stearne,Caistor,scaistorqr@symantec.com,Male,186.31.214.203,"€8,22"
965,Alfonse,Stivers,astiversqs@adobe.com,Male,107.252.80.231,"€7,87"
966,Galvan,Nevet,gnevetqt@jiathis.com,Male,186.209.251.111,"€9,34"
967,Sofia,Wilcockes,swilcockesqu@ezinearticles.com,Female,85.228.251.244,"€5,20"
968,Margaux,Zanolli,mzanolliqv@skyrock.com,Female,11.127.185.129,"€9,23"
969,Rodolphe,MacKinnon,rmackinnonqw@amazonaws.com,Male,6.226.159.93,"€6,10"
970,Nickey,Reyner,nreynerqx@bing.com,Male,250.249.9.168,"€6,79"
971,Sigmund,Semble,ssembleqy@deliciousdays.com,Male,193.169.189.73,"€4,43"
972,Nap,Longfield,nlongfieldqz@quantcast.com,Male,0.158.1.147,"€0,92"
973,Brand,Elies,beliesr0@comsenz.com,Male,228.87.42.240,"€7,10"
974,Armand,Swannack,aswannackr1@symantec.com,Male,56.206.212.72,"€0,09"
975,Brion,Scally,bscallyr2@photobucket.com,Male,182.143.159.50,"€9,77"
976,Venus,Monaghan,vmonaghanr3@sfgate.com,Female,214.142.193.181,"€5,75"
977,Kirsteni,Torrisi,ktorrisir4@newyorker.com,Female,157.164.251.86,"€6,69"
978,Virgie,Dearell,vdearellr5@shinystat.com,Female,46.6.168.229,"€0,82"
979,Sandra,Spittall,sspittallr6@cdc.gov,Female,160.142.39.17,"€0,43"
980,Edward,Jonsson,ejonssonr7@t.co,Male,103.2.129.174,"€4,79"
981,Lazare,Samweyes,lsamweyesr8@cargocollective.com,Male,233.129.175.177,"€2,75"
982,Enrika,Warboys,ewarboysr9@alexa.com,Female,116.66.223.43,"€5,38"
983,Roxane,Conquest,rconquestra@ted.com,Female,182.93.83.109,"€6,71"
984,Sisile,MacArthur,smacarthurrb@businessweek.com,Female,116.118.192.199,"€2,64"
985,Kienan,Srawley,ksrawleyrc@illinois.edu,Male,169.110.136.35,"€2,94"
986,Glenine,Ivashin,givashinrd@jiathis.com,Female,145.71.171.138,"€3,49"
987,Pacorro,Hazard,phazardre@exblog.jp,Male,79.86.167.121,"€10,00"
988,Paige,Paradyce,pparadycerf@reuters.com,Male,31.249.45.95,"€3,49"
989,Kit,Jakubski,kjakubskirg@nytimes.com,Male,190.185.163.98,"€6,11"
990,Ardyth,Tegler,ateglerrh@sphinn.com,Female,66.221.179.214,"€0,53"
991,Rory,Smiz,rsmizri@dyndns.org,Male,46.66.184.199,"€1,72"
992,Kellen,Baudin,kbaudinrj@sogou.com,Male,164.237.87.236,"€4,79"
993,Hakim,Giorgini,hgiorginirk@sphinn.com,Male,76.228.156.187,"€9,29"
994,Langston,Welland,lwellandrl@latimes.com,Male,46.58.21.173,"€0,13"
995,Lothaire,Spurritt,lspurrittrm@ovh.net,Male,71.68.182.99,"€9,16"
996,Neila,McGrae,nmcgraern@ibm.com,Female,169.147.46.254,"€0,29"
997,Waldon,Le Bosse,wlebossero@ameblo.jp,Male,254.43.9.166,"€3,90"
998,Armand,Hendrik,ahendrikrp@bravesites.com,Male,193.142.43.10,"€0,34"
999,Harold,Dewdney,hdewdneyrq@globo.com,Male,250.66.115.144,"€8,83"
1000,Rusty,Garner,rgarnerrr@liveinternet.ru,Male,37.84.55.59,"€0,96"
